FL_x,FL_y,FR_x,FR_y,BOT_x,BOT_y,BL_x,BL_y,BR_x,BR_y,X,Y,Z
182.3884892086331,121.59712230215827,167.85714285714286,550.0285714285715,177.32258064516128,215.19354838709677,84.875,203.5,144.71428571428572,307.14285714285717,0.0,0.0,0.0
180.02459016393442,181.99180327868854,165.0,518.2307692307693,178.25925925925927,233.0,118.49152542372882,203.27118644067798,146.0,288.0,1.0,0.0,0.0
178.21311475409837,234.3360655737705,161.5,487.54545454545456,181.0,253.0,154.84615384615384,203.64102564102564,143.43517111818116,269.11610577518377,2.0,0.0,0.0
176.12121212121212,279.0,159.42857142857142,459.8095238095238,183.88,274.66,192.5788939984833,199.90543603576154,147.61111111111111,244.22222222222223,3.0,0.0,0.0
174.69473684210527,317.22105263157897,155.55555555555554,435.6666666666667,187.52830188679246,297.77358490566036,227.12,203.52,148.2941176470588,220.1764705882353,4.0,0.0,0.0
173.13333333333333,352.0,153.5,413.875,191.37735849056602,324.0,262.3333333333333,202.29166666666666,147.7480538880999,195.7458266055188,5.0,0.0,0.0
171.48,382.3333333333333,152.2,393.9,194.53731343283582,353.82089552238807,298.380232089133,202.51308974596827,146.46153846153845,165.46153846153845,6.0,0.0,0.0
169.5,410.2096774193548,149.625,374.625,197.97297297297297,387.77027027027026,335.0,199.25,148.75675675675674,133.0,7.0,0.0,0.0
110.38297872340425,113.63120567375887,134.53333333333333,557.6444444444444,143.4375,212.8125,72.625,193.25,116.44444444444444,308.44444444444446,0.0,1.0,0.0
113.21428571428571,176.84285714285716,131.57894736842104,525.8947368421053,146.13953488372093,231.7674418604651,112.9074074074074,197.11111111111111,117.65545095232358,294.7956540191907,1.0,1.0,0.0
115.58119658119658,231.008547008547,127.16666666666667,494.1666666666667,145.52830188679246,251.77358490566039,151.16071428571428,197.17857142857142,113.10061648430738,273.86995254170154,2.0,1.0,0.0
118.20952380952382,277.1333333333333,125.53162913251083,457.941146196992,146.27450980392157,273.80392156862746,193.0,197.0,112.85564010105264,249.5004921756484,3.0,1.0,0.0
120.45652173913044,315.64130434782606,126.24414884528676,433.6076200822662,147.27692307692308,297.84615384615387,228.03571428571428,197.32142857142858,113.74647362106543,226.25519461450364,4.0,1.0,0.0
121.67058823529412,352.81176470588235,125.87713398514262,407.66596959654925,148.74242424242425,324.2121212121212,266.7763157894737,195.32894736842104,115.14672052209542,196.69921297265847,5.0,1.0,0.0
123.13333333333334,384.0,124.0,398.0,149.4111111111111,353.1666666666667,304.5,197.0,110.0,165.0,6.0,1.0,0.0
125.07352941176471,413.75,123.33333333333333,377.6666666666667,151.61290322580646,388.78494623655916,341.4848484848485,192.66666666666666,111.44444444444444,130.55555555555554,7.0,1.0,0.0
31.48076923076923,105.67307692307692,99.08695652173913,565.2608695652174,109.85714285714286,210.07142857142858,37.61814680287898,194.71499191966618,114.00102837967492,331.91562840037545,0.0,2.0,0.0
41.27350427350427,172.94017094017093,96.0,533.0,109.0,230.0,105.3132530120482,187.83132530120483,91.27156136238705,301.0445654370017,1.0,2.0,0.0
49.54477611940298,227.73880597014926,83.12941430014408,496.70466488336893,107.57575757575758,250.8181818181818,147.59701492537314,189.47761194029852,78.03117919316551,270.9027685942636,2.0,2.0,0.0
56.689655172413794,273.9080459770115,98.0,470.0,106.0,273.0,186.77781248959616,174.9667512409813,88.31939384908125,241.51708512848225,3.0,2.0,0.0
62.816326530612244,316.38775510204084,88.91366360609408,438.16932004199697,105.53448275862068,296.58620689655174,230.16981132075472,188.0,73.24860076098253,223.69057913057992,4.0,2.0,0.0
67.45454545454545,352.6181818181818,91.95480817519206,412.6001467487063,103.52173913043478,324.0,271.5353535353535,186.1818181818182,71.77587267395222,194.08931367006807,5.0,2.0,0.0
73.17777777777778,386.1111111111111,99.0706841212596,387.76837091169176,101.77777777777777,354.2345679012346,315.625,183.25,72.0,163.0,6.0,2.0,0.0
76.2,417.0444444444444,103.21967121345529,374.0358089533973,99.52,391.24,354.0571428571429,182.52857142857144,71.65853658536585,127.14634146341463,7.0,2.0,0.0
-2.5847644960806377,122.49056933222039,61.12903225806452,571.8064516129032,74.0,208.0,53.0,178.0,57.0,310.2857142857143,0.0,3.0,0.0
-1.677604656385057,178.23201364031354,57.605336947248304,549.5360748185203,70.70588235294117,227.0,97.35772357723577,176.91869918699186,47.960061233833926,293.3368461223149,1.0,3.0,0.0
9.36254416992412,210.35017869299668,65.18181818181819,503.54545454545456,67.6,250.28,143.67073170731706,180.58536585365854,51.0,269.0,2.0,3.0,0.0
18.272168704779872,264.90357065147225,67.16666666666667,474.1666666666667,65.0,273.0,192.0,180.70833333333334,39.93800442504107,247.81454832795495,3.0,3.0,0.0
5.714285714285714,314.7142857142857,68.71428571428571,448.42857142857144,60.34146341463415,296.8536585365854,232.01111111111112,179.76666666666668,39.11645968649043,234.25595050357873,4.0,3.0,0.0
10.51923076923077,354.21153846153845,70.0,423.5,55.10526315789474,325.12280701754383,278.6818181818182,176.54545454545453,30.978118840562047,201.55860188642617,5.0,3.0,0.0
17.93548387096774,388.9032258064516,67.34233429676368,393.04005411809055,49.45283018867924,355.0188679245283,328.22059265500417,159.86828187933844,26.451187626916493,144.73551993623,6.0,3.0,0.0
25.42,419.26,81.54099198761651,366.8886231630649,41.855670103092784,393.1443298969072,366.84090909090907,170.3181818181818,31.0,124.0,7.0,3.0,0.0
-89.99272181443696,121.97462269994594,23.78723404255319,578.0425531914893,37.0,207.0,33.43478260869565,166.80434782608697,49.13578507200339,322.5736226694957,0.0,4.0,0.0
-74.09172203404886,170.16975623359212,25.96551724137931,542.551724137931,31.243243243243242,227.0,86.30578512396694,168.80165289256198,32.81639013205552,299.46465937586834,1.0,4.0,0.0
-55.131087502589295,211.42240109736235,20.121499947017355,527.559779002878,26.0,248.0,136.95283018867926,169.5188679245283,2.4245042840718725,268.10295211875166,2.0,4.0,0.0
-48.136705147139125,259.2491920982626,34.74350842494533,478.9974274048935,20.274509803921568,272.19607843137254,187.3684210526316,166.10526315789474,11.0,246.0,3.0,4.0,0.0
-39.025497602566574,296.72751509424484,33.22222222222222,453.8888888888889,12.0,296.7142857142857,234.88028169014083,167.92253521126761,-7.896521137617242,218.67694149374114,4.0,4.0,0.0
-27.660565866314542,338.29542050064833,37.75,428.25,6.0,325.0,286.344262295082,163.72131147540983,-18.89238955457529,183.97012171825054,5.0,4.0,0.0
-19.75517516227481,381.0939299935235,37.3721081566336,403.3230586393511,20.545908035852165,364.3103259179723,333.09774436090225,160.28571428571428,-8.583760920724501,135.32237696229717,6.0,4.0,0.0
-10.000189839154146,427.5449822397502,43.22479700097142,369.3240360591079,16.182632838121094,392.8965014333347,386.21875,156.140625,-13.658442825818497,101.64313409311394,7.0,4.0,0.0
-136.16552376447282,109.15260889781808,-23.59727827122228,620.6611695294689,1.5327642134890596,190.2315013624934,17.69402985074627,153.34328358208955,-10.65789481812476,321.4621800687945,0.0,5.0,0.0
-122.4262378675122,156.19695731211368,-18.394372205067498,583.5551506307298,-1.3481875110303463,220.3219503375628,73.49333333333334,154.83333333333334,-17.937675612103874,289.62453409244506,1.0,5.0,0.0
-107.69811178135627,204.09718589938598,-12.730452795568624,545.6850339204216,-4.315782213716318,250.91268754065564,130.5984251968504,156.5984251968504,-25.628511485100375,257.42129750218885,2.0,5.0,0.0
-95.9720329017931,250.65036755627614,-7.367282407985499,510.147040375914,-7.822972540410092,280.2087635941107,184.87128712871288,155.54455445544554,-31.8308772480554,224.8752952211687,3.0,5.0,0.0
-85.60659990658736,296.7194386626205,-2.0294052929322106,475.66730729992406,-11.655819862510043,308.9406971182287,237.9748427672956,153.01257861635222,-37.334308215586304,192.02717352421155,4.0,5.0,0.0
-74.94086387469098,350.38388894389345,6.0,433.0,-16.40599633655019,335.0681280970914,294.47682119205297,147.95364238410596,-40.258916444192835,161.02148360653908,5.0,5.0,0.0
-64.68028363661692,391.6164395806004,11.011579306309017,406.58242822603233,-20.999719883317525,366.96739095198694,346.78285714285715,143.89714285714285,-47.92462057275924,123.2523242796572,6.0,5.0,0.0
-53.6969618029416,428.7667084460186,12.0,389.0,-27.45343863493777,404.4301377746812,401.94405594405595,140.98601398601397,-64.0894711090412,78.20728103238892,7.0,5.0,0.0
-204.26267121004526,99.30943004311086,-61.032662220151764,641.8230055185467,-37.78407133578442,181.10961127012007,0.5,131.0,-40.42574242054661,318.31836491760697,0.0,6.0,0.0
-188.8211672232083,148.13013365092684,-54.77006206986641,603.4046438330479,-41.008534995685395,212.11555648289627,58.82125603864734,132.4830917874396,-48.354878294952925,285.49960965466937,1.0,6.0,0.0
-169.73623008482366,199.69418805461612,-47.16903329603224,562.1668666870205,-44.289138567162055,244.8913553592291,121.58267716535433,135.62992125984252,-57.877414753567905,251.8099956748981,2.0,6.0,0.0
-153.61600331872842,250.42215603673162,-39.43103024849171,523.2370962036017,-48.419621396674685,276.4771319674415,181.99418604651163,135.2093023255814,-65.83499553549154,217.20815876317872,3.0,6.0,0.0
-138.33918080093474,302.8459098121027,-29.95605770014828,484.98303651694124,-54.032153329848015,308.0707799358559,243.48648648648648,130.70810810810812,-72.97568694766125,180.10207156565752,4.0,6.0,0.0
-121.14566996939247,356.56120182912764,-19.910149726915648,445.2442766612911,-59.57694917068828,340.56832124128516,307.1774193548387,127.3225806451613,-80.98376308605037,142.71390008783692,5.0,6.0,0.0
-107.96310025936002,405.36737966903274,-12.996521407992361,408.5906374195867,-63.848269583064265,370.7790644534722,364.2713567839196,125.10050251256281,-87.60083209068085,108.47740419874481,6.0,6.0,0.0
-92.51744081304976,456.42641539030114,-4.7695742601671895,370.19116939418166,-68.50650278281513,402.18746406417995,424.6197916666667,123.04166666666667,-95.1021283675937,73.06282989812976,7.0,6.0,0.0
-202.67645713520363,121.88321000599308,-90.27420791483635,608.911135501082,-65.37056958741583,202.57740281475066,50.28724149393224,172.08404500358208,-104.35415654060006,321.37793332881586,0.0,7.0,0.0
-259.84997274715784,137.28563002629397,-92.22328644039224,626.8470288621058,-81.05380877996534,201.7856389016015,39.1455938697318,106.88888888888889,-76.60877155738052,281.6563860138577,1.0,7.0,0.0
-231.42707143333973,194.33140515033665,-82.552485782674,578.3678843768944,-83.48449821441655,238.8199282543009,111.8853046594982,116.75627240143369,-90.5129502297882,247.53344760044314,2.0,7.0,0.0
-215.0393311163827,251.22136329165517,-69.48200352863267,539.2900609389751,-91.44233173908829,271.60348644845715,178.0151515151515,107.00757575757575,-97.44176803223849,205.94810839722345,3.0,7.0,0.0
-193.46530300929976,310.6774249449177,-55.68210560270201,496.1856632785121,-98.62124716527309,306.66649101375947,249.25409836065575,101.75,-106.89610758466699,164.67751089472932,4.0,7.0,0.0
-168.5130550200891,369.2555497490184,-43.645842697986495,450.43323705844693,-103.65753536306165,342.75754066599853,321.514598540146,103.45985401459853,-118.48556878704625,126.57154087161902,5.0,7.0,0.0
-150.02394692963583,423.35771692289836,-33.64091327924217,409.6860763011566,-108.8447191675247,375.7789809908748,386.2519083969466,101.59923664122137,-127.17340768887976,89.55705737138072,6.0,7.0,0.0
-130.4152596210928,476.6173657987972,-24.704818906160824,368.05587405296706,-112.96803053390114,409.0423149290005,450.8287937743191,102.92217898832685,-136.67487183955598,54.23166731527198,7.0,7.0,0.0
180.58715596330276,104.73394495412845,170.97435897435898,541.9487179487179,175.08695652173913,238.2173913043478,82.359375,238.96875,146.66769550397896,318.1923900825228,0.0,0.0,1.0
178.18947368421053,162.55789473684212,167.0,508.0,176.56521739130434,256.7391304347826,119.81818181818181,238.86363636363637,146.40291124309118,301.71311371316074,1.0,0.0,1.0
175.8556701030928,211.35051546391753,164.1,478.5,177.0,274.5,156.37209302325581,238.69767441860466,148.0,283.0,2.0,0.0,1.0
173.8181818181818,253.3181818181818,160.93548387096774,449.1290322580645,180.0,296.29411764705884,192.26315789473685,238.57894736842104,149.0,260.0,3.0,0.0,1.0
172.9875,291.05,158.0,424.0,184.1818181818182,319.54545454545456,227.70212765957447,238.4468085106383,149.27777777777777,235.69444444444446,4.0,0.0,1.0
171.23684210526315,326.0,155.13793103448276,401.0689655172414,188.0,345.70588235294116,263.04411764705884,237.41176470588235,150.05263157894737,208.60526315789474,5.0,0.0,1.0
167.26666666666668,355.26666666666665,153.32,380.4,189.97916666666666,374.8541666666667,297.7818181818182,236.38181818181818,148.4,179.2,6.0,0.0,1.0
165.5,381.5,151.375,361.25,194.0,408.0,335.4583333333333,236.47916666666666,152.11764705882354,146.58823529411765,7.0,0.0,1.0
110.83333333333333,97.97058823529412,134.24,549.94,144.0,236.2941176470588,72.90789473684211,233.1315789473684,122.89193453185362,325.63965184778976,0.0,1.0,1.0
114.21978021978022,158.4065934065934,130.68,514.52,145.4723678038045,253.7265693317238,110.25,233.0,121.31999157749814,307.9362278564647,1.0,1.0,1.0
117.29906542056075,209.2803738317757,130.33333333333334,484.8333333333333,145.85577133537976,278.23460018362886,153.33823529411765,232.85294117647058,118.26261299980627,283.9321137540928,2.0,1.0,1.0
119.42857142857143,253.38095238095238,129.05555555555554,454.05555555555554,142.0,295.0,191.3148148148148,233.07407407407408,111.86184223741108,267.2327258670832,3.0,1.0,1.0
121.3875,291.325,127.9529095866261,425.2589546626625,147.08695652173913,319.7826086956522,228.9322033898305,232.38983050847457,116.23948494849753,239.31665326959876,4.0,1.0,1.0
122.75,326.7307692307692,124.29968992176242,399.17533052074765,147.0,348.0,268.67816091954023,232.64367816091954,114.24,206.76,5.0,1.0,1.0
126.0,358.0,123.16666666666667,383.6666666666667,148.01923076923077,376.59615384615387,305.5689655172414,230.55172413793105,110.6126314365514,174.54430012906408,6.0,1.0,1.0
123.97921178476598,387.4611981068331,126.0,362.0,148.17241379310346,411.7758620689655,345.0857142857143,231.28571428571428,111.44444444444444,143.44444444444446,7.0,1.0,1.0
43.05555555555556,92.44444444444444,97.57894736842105,557.421052631579,112.0,234.0,63.38317757009346,224.73831775700936,98.95639955085707,329.7727666382078,0.0,2.0,1.0
51.48739495798319,153.4453781512605,94.64788811938408,528.7711419032119,101.66250350306261,256.7715091454386,106.55405405405405,225.27027027027026,82.04247431024487,307.3173667101638,1.0,2.0,1.0
58.96190476190476,207.05714285714285,94.17764103740504,494.13984692374834,107.19620801428552,275.4736176880412,148.1090909090909,224.5818181818182,82.40681818539272,285.6823733588514,2.0,2.0,1.0
65.57425742574257,252.69306930693068,93.48788768518679,461.4016192614543,109.87778709445776,297.4644414017174,190.13725490196077,225.92156862745097,80.48382362844569,262.0564542006514,3.0,2.0,1.0
71.13333333333334,292.0,93.17159801188214,430.5829044295425,108.27586206896552,317.55172413793105,231.0142857142857,225.37142857142857,75.66507904827577,238.3829187030682,4.0,2.0,1.0
75.61666666666666,328.3,94.43696524064705,403.4027451257189,109.0,346.72727272727275,274.1341463414634,224.0609756097561,75.51229272475146,205.63127862751597,5.0,2.0,1.0
83.58676784980766,348.041574556652,100.0,386.5,105.34831460674157,377.1573033707865,313.45882352941175,223.25882352941176,71.92484232682199,172.21246609680384,6.0,2.0,1.0
86.0,386.5,104.77263420724364,368.3551973532917,103.07446808510639,413.29787234042556,354.5857142857143,223.15714285714284,71.0,140.55555555555554,7.0,2.0,1.0
-4.373561429727786,116.36386359034344,58.5,565.03125,76.3285780657301,220.0185450047442,50.72549019607843,219.12745098039215,58.14240586006443,344.4252893146062,0.0,3.0,1.0
-0.22208203937684345,161.17761110033967,57.53333333333333,529.0666666666667,73.13981119877015,244.18991719902368,98.05128205128206,218.81196581196582,52.28342794707902,317.1844182126773,1.0,3.0,1.0
5.618377797672807,202.67332352091364,58.0,497.0,70.52632173707919,270.41020049250625,144.75324675324674,218.6883116883117,46.71418200016171,288.11155737854517,2.0,3.0,1.0
5.0,252.0,54.94825653204305,466.59519580107946,66.44426244339427,296.4623409766381,190.3939393939394,218.27272727272728,39.168296725233716,261.89404685631945,3.0,3.0,1.0
9.954545454545455,290.27272727272725,65.25,436.0,61.07033185329347,328.9200094558285,234.25581395348837,218.7906976744186,40.8,233.9,4.0,3.0,1.0
20.75,327.7916666666667,62.81301391870156,404.0262464045614,63.54754420773956,349.0705397446131,280.5208333333333,217.22916666666666,35.4,204.4,5.0,3.0,1.0
29.272727272727273,357.72727272727275,66.83333333333333,390.05555555555554,54.0,380.0,324.1764705882353,216.88235294117646,32.0,174.2941176470588,6.0,3.0,1.0
36.166666666666664,389.0,70.0,369.0,49.35632183908046,416.9080459770115,368.0,216.0983606557377,25.48780487804878,138.0,7.0,3.0,1.0
-67.48547608147804,111.5889575553374,17.84,571.64,41.11232720751876,208.39812125963184,36.35251798561151,209.87769784172662,26.94816713862957,352.48627747560255,0.0,4.0,1.0
-68.6988306979914,150.8453502080913,19.857142857142858,535.5,38.0,248.0,87.66379310344827,210.23275862068965,29.7840768744218,313.4432170830763,1.0,4.0,1.0
-53.78321831925369,197.25910665353808,23.3,502.6,33.0,269.0,138.86458333333334,210.09375,16.350694978363265,288.27734548039723,2.0,4.0,1.0
-43.221559553380885,241.1867145940464,25.428571428571427,470.04761904761904,27.294117647058822,293.0,189.22222222222223,210.125,4.68998256390887,261.0747721517431,3.0,4.0,1.0
-34.4196848430022,279.28600786603783,33.30733524511717,434.36974828920773,21.53846153846154,319.46153846153845,237.48979591836735,209.68367346938774,3.0,234.0,4.0,4.0,1.0
-21.782875070849514,322.9066675652126,30.5,415.0,25.68336216416425,353.35512393967934,288.2,208.5909090909091,-7.8941400843368115,191.71988606057536,5.0,4.0,1.0
-21.640035159552568,349.2238443299361,33.55555555555556,393.44444444444446,0.9285714285714286,380.85714285714283,336.0546875,207.8671875,-31.856046698334296,166.05353412869945,6.0,4.0,1.0
-2.2859696379562564,392.93112758799055,35.666666666666664,372.6666666666667,19.386825330812187,419.26647456339583,385.05357142857144,206.61607142857142,-25.407305925390176,117.21542957977084,7.0,4.0,1.0
-130.06072963119868,89.91609719359565,-27.742038894196725,602.7115172403667,4.944201976517846,207.17757248596246,19.12962962962963,201.91666666666666,-14.321609500127295,347.76855179207524,0.0,5.0,1.0
-116.80696120381184,137.79512788989615,-21.66349681572774,565.9930808896979,1.3008621377098848,237.24719936390926,75.42307692307692,201.28205128205127,-21.15833995858179,314.6535889129053,1.0,5.0,1.0
-103.5526644630241,185.7035115366764,-15.559333992951537,529.2745221188509,-2.361058274636207,267.3222701829835,131.7433628318584,200.60176991150442,-27.98973562765144,281.5048859987785,2.0,5.0,1.0
-90.30352011197918,233.13435667210172,-9.873002628053598,492.5552652940415,-5.71908464477923,297.3099823209782,187.62886597938143,200.6701030927835,-34.90992601134144,248.90728074196664,3.0,5.0,1.0
-79.44871231752076,278.73591700521627,-5.089467152092311,457.6885678472124,-9.023251730713426,326.12987001420953,240.57251908396947,199.68702290076337,-40.788073832910925,216.9126798091372,4.0,5.0,1.0
-66.13557452544346,327.1346727636951,1.428020503530803,420.92888805369853,-12.972195570165567,356.3134365666727,297.36805555555554,198.32638888888889,-47.55945846456615,183.23207741782667,5.0,5.0,1.0
-55.90962177017353,372.2628606989339,5.980656865400164,386.54882181102744,-16.266755547673313,384.82787133227527,349.54545454545456,197.05594405594405,-53.162561252410626,151.38763680949535,6.0,5.0,1.0
-44.196168635588165,419.58082231838716,12.019120877866158,351.0282572898151,-20.27039475422214,414.2565273922809,404.5034013605442,194.7687074829932,-59.21056982917173,117.94579051701551,7.0,5.0,1.0
-194.06444200705278,77.4817381779427,-68.65568937596062,620.6495930808355,-30.796694942875476,199.0277504942119,1.7916666666666667,190.4375,-46.970208781139775,350.23247039181854,0.0,6.0,1.0
-179.70019497991825,126.99311941468198,-61.470027805127444,583.0797053232014,-34.967849356533804,229.77944964514273,60.15873015873016,189.04761904761904,-54.13954117761813,315.9277700577188,1.0,6.0,1.0
-161.65389093068626,180.11146301919712,-52.19891564413979,542.668768277102,-39.73102323131141,262.46927023341505,123.768,188.016,-62.75875017821812,279.77418193040756,2.0,6.0,1.0
-145.38603607898875,230.853956780094,-44.49153718545854,503.6238022143193,-43.801799085326195,294.1094478823945,184.272,187.816,-70.79946873170951,245.24923779259854,3.0,6.0,1.0
-128.63363766872885,281.97068517750483,-36.597910735033736,464.2039723895191,-47.88606645819772,325.9866829214266,245.375,187.82236842105263,-79.05028939383982,210.59757209671653,4.0,6.0,1.0
-111.5435461278946,335.13026913354463,-27.00960244278005,424.5405154965872,-53.122773781378,358.3483822688838,308.507614213198,185.14720812182742,-87.1049879468153,173.7888372294144,5.0,6.0,1.0
-97.37316067886012,384.12823922608504,-20.2178216499031,387.11701006619234,-57.05525645145438,388.94008315515464,366.30601092896177,184.2513661202186,-94.26016853855725,139.9570333579068,6.0,6.0,1.0
-80.48030436916069,436.0630496593344,-11.647078269887572,347.5955349039739,-61.59858687610284,421.0131602100127,428.2245989304813,183.19251336898395,-102.43549161982679,104.4448661145196,7.0,6.0,1.0
-200.7240629018561,104.01507852428762,-91.66494468055652,594.1440749252912,-65.02856030732862,218.27407410918258,50.77946276840311,211.4949514295463,-105.25560395806497,343.5804123902078,0.0,7.0,1.0
-246.4129850999488,112.33852170932823,-103.53730012867618,603.1123752829737,-70.55127961306535,220.2813296885949,39.35606060606061,176.61742424242425,-85.6380465630088,319.24866180587946,1.0,7.0,1.0
-222.81040249026069,170.8918976233798,-91.12617343245378,558.4141743856878,-76.20273488210738,255.8943840465157,110.86872586872587,176.13899613899613,-96.44666463370532,280.3142773577099,2.0,7.0,1.0
-198.6257056278942,230.58630433635915,-77.88411564236127,513.2724641284267,-82.31390099019079,291.9161019902574,183.7265306122449,174.81224489795918,-107.37478216614409,240.4249702817536,3.0,7.0,1.0
-178.1869890208696,286.59234495108126,-66.7802085535042,471.0209400745082,-87.81072117022201,325.96268609336187,251.234126984127,173.15079365079364,-116.83146291417125,202.43845544988287,4.0,7.0,1.0
-154.91453498493115,345.0733164161195,-54.33565537693792,426.5799467175102,-93.57008768359537,361.44693592070035,322.50384615384615,172.2423076923077,-127.46184065647145,163.37846664875903,5.0,7.0,1.0
-134.80042367289326,400.36144968241615,-43.76678647275284,384.57493003178587,-98.75819778649657,395.25101186204625,389.1875,171.18333333333334,-136.867576360261,126.01921325467988,6.0,7.0,1.0
-114.24654786162195,456.48378751228006,-32.59459352104966,342.23458443413176,-104.27577024913494,429.3588368571383,456.8622047244094,169.5275590551181,-146.3689329151552,87.97082539174465,7.0,7.0,1.0
175.96875,88.28125,172.67391304347825,533.304347826087,171.06896551724137,259.6551724137931,83.95652173913044,277.2608695652174,146.6,344.4,0.0,0.0,2.0
172.4375,142.15625,167.84615384615384,497.4230769230769,172.67741935483872,277.19354838709677,120.125,276.5833333333333,147.0,325.0,1.0,0.0,2.0
171.77777777777777,189.55555555555554,164.7608695652174,465.67391304347825,174.72972972972974,296.27027027027026,157.0,277.0,148.91176470588235,303.05882352941177,2.0,0.0,2.0
168.54,229.78,161.15555555555557,435.9111111111111,176.28571428571428,317.2857142857143,191.0,278.0,149.30434782608697,278.30434782608694,3.0,0.0,2.0
169.0,266.0,158.91666666666666,410.2916666666667,179.27027027027026,340.27027027027026,228.13333333333333,277.8,151.45,254.25,4.0,0.0,2.0
168.72,299.72,156.22857142857143,386.9428571428571,182.13953488372093,365.7674418604651,263.4901960784314,275.19607843137254,152.08163265306123,226.73469387755102,5.0,0.0,2.0
165.42857142857142,328.0,154.1290322580645,365.4516129032258,185.0,394.0,298.38,274.06,152.88636363636363,197.0,6.0,0.0,2.0
163.83333333333334,355.0,151.5185185185185,346.51851851851853,188.35211267605635,426.80281690140845,334.6190476190476,273.2142857142857,153.91071428571428,162.375,7.0,0.0,2.0
115.9090909090909,82.18181818181819,134.8,541.1111111111111,143.0,259.0,73.81967213114754,274.3606557377049,120.46254683690887,344.17478790731406,0.0,1.0,2.0
116.98701298701299,137.94805194805195,134.0,501.0,142.46706985614327,275.5323365182975,114.21818181818182,273.6909090909091,120.3995686994524,328.1872896647406,1.0,1.0,2.0
119.0,187.0,129.8,471.4,144.07219755457675,298.17560031089323,154.2962962962963,274.44444444444446,116.0,304.0,2.0,1.0,2.0
115.99836655063207,223.61897392631602,125.75,440.25,142.83865820309762,317.77652663841343,190.5,275.0,114.96647286803318,283.8514886084124,3.0,1.0,2.0
123.16901408450704,264.83098591549293,130.0,415.0,146.0,339.0,228.23529411764707,273.11764705882354,116.53436155675365,261.1021123857293,4.0,1.0,2.0
124.0909090909091,300.95454545454544,124.0,390.0,146.75675675675674,367.0,268.6938775510204,271.6938775510204,112.6537591250243,226.30592501916573,5.0,1.0,2.0
127.2600820559861,325.96717121617576,124.0,370.0,147.6122448979592,395.55102040816325,305.7910447761194,271.17910447761193,112.11647121791327,193.844092671616,6.0,1.0,2.0
124.48820281678006,359.8955845578773,123.5,349.5,148.47826086956522,430.0,345.24528301886795,270.0377358490566,115.0,159.44444444444446,7.0,1.0,2.0
48.24390243902439,76.60975609756098,92.42857142857143,548.1964285714286,110.91176470588235,257.05882352941177,63.492753623188406,271.4347826086956,91.24886178964348,350.045215639263,0.0,2.0,2.0
55.10526315789474,133.47368421052633,90.0,509.0,103.86881964756954,270.87239778154355,106.90123456790124,270.34567901234567,79.61126006179796,333.06555472654986,1.0,2.0,2.0
62.625,184.125,89.5,477.0,106.82185846260855,293.54058507229564,151.02631578947367,270.55263157894734,76.57330294597344,308.18869970901983,2.0,2.0,2.0
70.84118662794144,218.4887645143533,93.34007590081694,450.47869325872995,110.89012722348313,320.2661315597743,190.16666666666666,271.3333333333333,80.0,280.0,3.0,2.0,2.0
71.62264150943396,264.22641509433964,89.78437026842533,418.14138119325474,108.0,340.0,231.67567567567568,270.5945945945946,73.38150374907158,257.87293193282545,4.0,2.0,2.0
75.37037037037037,300.55555555555554,91.37680095451898,387.2653263530817,106.18181818181819,368.45454545454544,273.984126984127,268.8412698412698,75.18181818181819,224.45454545454547,5.0,2.0,2.0
80.40645246877399,328.14674947879143,93.91376382183284,368.4031261786522,105.86538461538461,399.3269230769231,315.6885245901639,267.91803278688525,71.30399135266134,191.88126802710042,6.0,2.0,2.0
79.68914299600745,360.50014510871995,94.8878715524271,351.6442998430209,102.72307692307692,433.84615384615387,356.3673469387755,266.1020408163265,67.93333333333334,157.4,7.0,2.0,2.0
1.9238370977968913,90.30462901178078,50.81481481481482,557.1481481481482,79.15150721061157,241.6753423696107,51.72222222222222,269.3888888888889,48.42314796805874,365.27430968516825,0.0,3.0,2.0
3.5559365339023685,137.32136219649612,49.44444444444444,519.4444444444445,75.05938101660031,263.8044281477528,98.5,266.6951219512195,43.53025321489267,338.68965915312924,1.0,3.0,2.0
6.545454545454546,181.8181818181818,55.666666666666664,484.0,69.47173807140724,292.58094540572944,145.9,267.44,42.54378292439611,314.2073732468797,2.0,3.0,2.0
12.105263157894736,224.71052631578948,59.07142857142857,451.14285714285717,69.11214120643852,317.90915419193044,189.0,269.0,42.38009687385451,290.6039215970957,3.0,3.0,2.0
21.375,263.0,55.25019715549308,422.7567172066441,71.67042667830266,341.68084060271696,233.8421052631579,266.7719298245614,36.0,256.0,4.0,3.0,2.0
31.0,300.0,60.81818181818182,398.45454545454544,63.714285714285715,368.92857142857144,279.986301369863,264.43835616438355,32.0,224.0,5.0,3.0,2.0
37.0,330.0,63.705882352941174,374.1764705882353,60.03225806451613,401.38709677419354,324.6823529411765,264.3764705882353,27.0,194.0,6.0,3.0,2.0
43.0,359.0,64.11111111111111,353.55555555555554,56.45762711864407,436.3050847457627,369.15625,262.8125,20.13953488372093,156.2325581395349,7.0,3.0,2.0
-60.53243142258667,84.71508194444317,10.0,563.0,44.935335210839085,229.7901383994273,36.51587301587302,262.03968253968253,17.770923360498898,375.0377309563001,0.0,4.0,2.0
-55.01671903996707,132.3894021476819,7.8,525.4,40.62982039505171,255.45842536026814,88.09574468085107,262.71276595744683,8.099023481978861,346.0060465207196,1.0,4.0,2.0
-43.25237757007436,163.52309563093525,16.561419576621603,503.8165124904162,38.0,294.0,137.57142857142858,262.7142857142857,5.305700304713639,306.6349875306031,2.0,4.0,2.0
-33.065147050847216,218.72751038748163,17.666666666666668,456.0,37.278758111655534,311.44747774171515,188.25,264.5,0.41789275751250443,287.2355417639352,3.0,4.0,2.0
-23.1478886179719,255.81922152088327,21.58596754738204,432.42914706444765,34.00944540430068,343.49410165981357,237.34615384615384,262.5,-6.863725927665314,250.69336974005887,4.0,4.0,2.0
-21.65144137129991,296.63616639715576,24.096400692078618,397.8691884769333,20.636363636363637,370.45454545454544,288.18947368421055,260.37894736842105,-18.191985465704477,222.57935038892924,5.0,4.0,2.0
-15.2025018543642,327.9409997327376,27.5,377.875,9.833333333333334,403.0,336.900826446281,258.73553719008265,-31.86723032316928,187.44320349772624,6.0,4.0,2.0
-12.492500738119062,357.763801430649,30.6,355.6,4.538461538461538,440.43589743589746,383.28205128205127,258.2307692307692,-35.6374810265695,149.11759324389735,7.0,4.0,2.0
-121.96975746062147,68.29571392800432,-34.56380642669741,583.1865187027547,10.813349783093614,224.39347074779428,19.476190476190474,257.54761904761904,-19.59965423019213,378.10371841874303,0.0,5.0,2.0
-107.94137458133604,116.19321496681408,-28.696663888373536,545.863072229639,7.520336812831786,254.73819810638938,76.20270270270271,258.1621621621622,-26.88371450661208,345.4592554617575,1.0,5.0,2.0
-96.65376518826587,156.60569951858338,-20.278352864118318,513.9118414581758,1.0,294.0,134.3125,258.2604166666667,-32.97424297193601,305.70115326540747,2.0,5.0,2.0
-79.82565812744069,214.74920192967954,-14.555171199651227,471.1974321472468,-0.8090792140779399,315.9429664544446,192.1851851851852,255.11111111111111,-40.95542439719026,277.0025673115472,3.0,5.0,2.0
-70.37454059775733,256.2346046886844,-12.973724810367628,437.3866989494857,-2.1293589030248654,343.5329286334027,240.65060240963857,258.33734939759034,-46.807744647592756,248.89491858319946,4.0,5.0,2.0
-57.87792806178409,305.10116480576517,-5.805505126661899,401.2695834017475,-6.760131812897427,373.51380525344086,297.43046357615896,254.88741721854305,-53.013931354335284,214.15268797210706,5.0,5.0,2.0
-46.87812399721135,351.50871874520726,-0.35680164194570807,366.2975752957539,-10.513486248671654,402.5289617179644,351.18120805369125,252.86577181208054,-58.82154691806903,181.3145010599697,6.0,5.0,2.0
-35.62918608941207,398.0773003705551,5.160099093976953,331.1325160342439,-14.253643629082376,431.6603806446614,405.21153846153845,251.0,-64.74322276229844,148.44759852843026,7.0,5.0,2.0
-183.61238283980066,53.947240107937375,-77.85211813735552,599.2609849891721,-22.595858573670043,216.72917818333696,1.6756756756756757,253.0,-53.990509074299496,384.28919294324845,0.0,6.0,2.0
-168.64201873920638,103.05684179965004,-71.19738152072044,561.2135743232614,-26.225910794722594,247.6215689747584,60.005050505050505,253.24747474747474,-61.58987552341688,350.8358472827239,1.0,6.0,2.0
-149.29328604142017,156.79322270021675,-61.766262676940116,519.7911856476526,-30.77655075905004,280.8790981451685,124.87349397590361,253.3855421686747,-70.84838901448745,314.79193172032603,2.0,6.0,2.0
-132.55468888492737,206.615739928611,-55.005078833885236,480.36933693653384,-34.037137193277815,312.51963324753996,184.7982456140351,255.42105263157896,-79.33995321154555,281.63393834701066,3.0,6.0,2.0
-116.01032754155544,259.0270930031206,-45.91345986218812,441.1248485159299,-39.04907214368323,344.55580516034496,246.96062992125985,253.03149606299212,-87.22082530605456,245.3472352624965,4.0,6.0,2.0
-99.57963419582187,312.26028186576013,-36.066753199351325,401.97729603827844,-44.64129547364014,376.6993255812332,309.8054054054054,249.15135135135134,-94.87755906960882,208.03428272079015,5.0,6.0,2.0
-85.10254492287179,362.0981653067711,-28.62753560600143,364.3224761588792,-48.969115294223954,407.5491108102315,368.5284974093264,247.4300518134715,-102.04981245739134,173.4222129648847,6.0,6.0,2.0
-69.18123768054072,414.2739257703015,-19.55971649625684,325.5624387462546,-54.12124774980107,439.32446334928864,430.14285714285717,244.38571428571427,-109.61330938728253,137.01331801014265,7.0,6.0,2.0
-198.77166866850735,86.14694704258272,-93.05568144627742,579.377014349499,-64.68655102724018,233.97074540361476,51.2716840428746,250.9058578555131,-106.15705137553039,365.782891451601,0.0,7.0,2.0
-232.42627497228693,86.92040490882368,-115.4264599928102,578.9435741403527,-59.489610903350695,238.8855224210081,39.43589743589744,248.0,-95.07783736846994,357.73684441126454,1.0,7.0,2.0
-210.08787219557013,144.92675941515813,-103.12421746189054,535.2276441840318,-65.38126775137738,273.95701115452204,109.7741935483871,246.30241935483872,-105.25576358695088,318.6346367895786,2.0,7.0,2.0
-184.02334048543577,206.74956392980653,-88.56551540024684,488.6383044472395,-71.97870775850431,311.0196146143449,185.5679012345679,244.7037037037037,-116.86895107832987,277.4683383794728,3.0,7.0,2.0
-163.4154517356751,262.68300170214593,-77.57507467586805,446.25389099179347,-77.34986185485037,345.1125499327621,253.1007462686567,243.4365671641791,-126.43805786219565,239.67354528925142,4.0,7.0,2.0
-140.74370151251884,321.27355064022777,-64.85778143341041,402.2833009676054,-83.46037512556369,380.4056595966809,324.1467181467182,241.36293436293437,-136.69772033894418,200.1048542240406,5.0,7.0,2.0
-121.11088945131216,376.34020404287185,-54.341973839537104,360.65212428185936,-88.73145688625452,414.00118244915615,390.37130801687766,239.86075949367088,-145.86587940653845,162.69705124490878,6.0,7.0,2.0
-99.78485225016358,433.96494554015567,-42.07735898029374,317.723363281339,-94.85167489901788,448.6490933092387,459.82022471910113,237.09737827715355,-155.52789217069875,123.39492158006777,7.0,7.0,2.0
174.87179487179486,75.82051282051282,177.015625,522.78125,168.0,278.0,83.81579014727117,314.3405572964274,147.23054098526129,365.59254535068624,0.0,0.0,3.0
175.33333333333334,128.5,172.04166666666666,484.7916666666667,170.0,295.0,120.2,308.6,150.36852456652477,339.9077852084032,1.0,0.0,3.0
171.94230769230768,171.19230769230768,168.0,451.78723404255317,172.0,315.0,158.60526315789474,310.5263157894737,150.18417239041588,321.29391042457655,2.0,0.0,3.0
167.0,211.0,163.27586206896552,421.6551724137931,175.08695652173913,335.7826086956522,194.68975450188455,310.2934595870765,152.55555555555554,299.44444444444446,3.0,0.0,3.0
168.609756097561,244.82926829268294,160.91176470588235,396.94117647058823,177.82978723404256,357.5744680851064,224.86666666666667,310.0,154.16666666666666,274.6875,4.0,0.0,3.0
167.0,277.0,158.36666666666667,372.3333333333333,179.44,383.72,263.05263157894734,309.0701754385965,155.135593220339,245.9322033898305,5.0,0.0,3.0
166.38888888888889,305.8333333333333,155.0,351.13793103448273,181.76271186440678,410.1694915254237,298.6930719643896,308.3928681709367,155.91489361702128,215.14893617021278,6.0,0.0,3.0
166.31020035146219,335.89816220804846,152.57692307692307,331.0,184.5441176470588,442.04411764705884,336.390683170018,308.0366125365046,157.27692307692308,180.15384615384616,7.0,0.0,3.0
120.33333333333333,71.42592592592592,136.08,531.68,144.9078312000376,272.72592332371306,72.34782608695652,308.2173913043478,121.25650461835943,365.0961759202636,0.0,1.0,3.0
117.4,123.6,133.24923372923678,491.32055394737927,142.48689011643222,291.9295383950339,114.48275862068965,308.37931034482756,119.72205574645932,347.0818463813255,1.0,1.0,3.0
123.6046511627907,168.5581395348837,131.8,457.6,145.98723698343713,311.9991370912055,154.97368421052633,309.4736842105263,118.75593346316532,324.4903657720034,2.0,1.0,3.0
117.88906222840085,199.223492226183,125.51813613137352,434.73460346743093,147.0,336.0,185.82301909746087,312.0329360258515,118.74531968999997,301.497458380485,3.0,1.0,3.0
126.28571428571429,244.23214285714286,129.7058823529412,400.1764705882353,146.0,358.6756756756757,229.0,307.0,119.85946407819188,272.2186903149727,4.0,1.0,3.0
123.69896138228746,274.17013071216127,125.46718478968211,377.71686896221246,144.0,385.0,267.97222222222223,309.2083333333333,113.74353793641643,246.00713099072982,5.0,1.0,3.0
129.3846153846154,306.46153846153845,131.2849033151365,351.8609074678126,142.45563329665305,411.1229916162517,309.12075067912644,302.9698932205038,116.0,213.0,6.0,1.0,3.0
128.45433902055618,335.7880956856486,125.77777777777777,332.3333333333333,148.0,445.0,342.8333333333333,305.8333333333333,114.04347826086956,178.06521739130434,7.0,1.0,3.0
56.44186046511628,62.627906976744185,90.55932203389831,540.1016949152543,107.13748933459131,267.7962736152449,61.0,309.0,81.47938458028273,374.28770733997226,0.0,2.0,3.0
65.0,118.0,93.0,499.0,110.07996615955626,288.9227138729615,107.2280701754386,311.3333333333333,81.73814378855582,354.6367935260256,1.0,2.0,3.0
70.54545454545455,165.54545454545453,89.91304347826087,463.9130434782609,111.31940963155846,310.3035591477614,151.45454545454547,312.47727272727275,76.92639722064814,330.2172933470599,2.0,2.0,3.0
23.43397783683217,134.74994191360793,67.77565267561206,481.6254239325148,111.0,336.0,131.0,316.0,92.89689147556777,312.1962037971496,3.0,2.0,3.0
78.19354838709677,241.67741935483872,90.0,405.5,109.0,360.0,229.56521739130434,309.39130434782606,77.0,275.0,4.0,2.0,3.0
82.13793103448276,275.44827586206895,90.96820551370564,379.0433778202588,108.3028500395978,384.1102769919111,273.95061728395063,310.22222222222223,70.02069365659312,247.7841251656577,5.0,2.0,3.0
85.0,307.0,96.0,356.0,104.05031760580307,412.7990498666176,315.0,306.0,69.37279490507336,216.02870785712733,6.0,2.0,3.0
83.77426346174279,336.92771876926713,90.0,335.0,102.34146341463415,449.1463414634146,358.3333333333333,308.2083333333333,63.03030303030303,177.1818181818182,7.0,2.0,3.0
2.0,57.705882352941174,47.78333333333333,547.8333333333334,74.96958081991416,263.0670232555759,52.24390243902439,311.719512195122,42.78416880455262,382.7487050263587,0.0,3.0,3.0
6.846153846153846,113.28205128205128,47.705882352941174,506.2352941176471,74.936086663659,283.7510480972185,99.4368932038835,312.09708737864077,40.39613494713217,361.48546740801544,1.0,3.0,3.0
14.870967741935484,161.0,51.20454545454545,470.45454545454544,74.12952632256857,308.6771583759822,147.19230769230768,311.55128205128204,38.15945447868879,334.96588203229385,2.0,3.0,3.0
22.677419354838708,203.19354838709677,54.28,437.4,72.94006153540657,333.6961007501598,194.07850692830993,308.1323398850581,36.0,304.0,3.0,3.0,3.0
28.130434782608695,239.43478260869566,56.4,410.1,72.4,360.28,232.11764705882354,312.5882352941176,32.0,277.0,4.0,3.0,3.0
35.84615384615385,275.15384615384613,58.44444444444444,381.69444444444446,69.26666666666667,389.0,280.25581395348837,310.1511627906977,26.227272727272727,245.22727272727272,5.0,3.0,3.0
44.0,307.0,60.30434782608695,358.30434782608694,68.0,418.0,327.3125,306.0,22.0,211.0,6.0,3.0,3.0
44.15621020887666,345.582829083698,61.5,335.0,60.40983606557377,453.8032786885246,374.6829001789274,305.26110152760975,16.0,173.7058823529412,7.0,3.0,3.0
-56.59957948774091,58.70143198089767,1.4,554.4,47.81549794139083,249.43396477218462,35.28260869565217,311.55434782608694,9.362616065504426,397.6599864007604,0.0,4.0,3.0
-56.54583261939409,101.41728474551405,5.571428571428571,513.0,48.6,292.4,89.125,312.578125,18.625405999374777,356.21232064472053,1.0,4.0,3.0
-45.0202167791431,150.22389501897317,6.25,476.625,44.0,314.0,141.025,312.875,6.081664136134179,330.49566732084025,2.0,4.0,3.0
-22.975010743853076,192.09772800066492,9.3,443.4,43.180040215638215,332.8455450415546,189.19656982653558,322.36750457746734,-9.214007546413825,313.6400435860132,3.0,4.0,3.0
-26.4428797942643,231.43270599431003,13.666666666666666,414.6666666666667,34.0,362.0,235.13636363636363,311.8636363636364,-9.88252216655377,277.7863584267194,4.0,4.0,3.0
-11.473963551167486,272.87199524988796,22.466666666666665,385.06666666666666,28.4,390.4,287.57377049180326,310.172131147541,-18.293844534479547,246.4819708743604,5.0,4.0,3.0
-4.158537500140611,310.7980071614827,22.0,361.5,23.5,420.5,336.37593984962405,308.83458646616543,-30.052017180172243,211.1813940661463,6.0,4.0,3.0
-3.9860607935571437,351.4225606136981,31.412331617679172,324.89971267710735,14.34,456.58,389.0,303.0,-27.18908394068103,174.11607756636363,7.0,4.0,3.0
-114.31683237053032,45.30466555850404,-42.46048991270513,563.9902009394068,17.35685980462638,241.21011584776528,18.347305389221557,314.62874251497004,-24.886197691590326,409.7518820610924,0.0,5.0,3.0
-99.73652673414502,94.44363278083739,-35.66534827453344,526.2478266445536,13.525598509364713,271.97090636408217,76.49358974358974,314.18589743589746,-32.25287788373282,376.0167280025343,1.0,5.0,3.0
-88.60576683794243,133.21635532825002,-25.780100719900105,497.0077884280934,7.75,314.0,134.53535353535352,312.6060606060606,-36.025293367181575,332.5803410776957,2.0,5.0,3.0
-70.15115715070355,192.7205238499887,-22.12519514476196,450.4320302643068,6.023668702928504,333.7005966969984,193.05729122895104,313.95237669105927,-47.19238476001169,308.7510015624307,3.0,5.0,3.0
-63.80483792676067,233.74363736253815,-20.112964346043583,419.0416305559029,3.5869237760534958,360.0590892443486,239.3918918918919,312.8378378378378,-51.36764931398824,279.2746103432603,4.0,5.0,3.0
-49.180251412487834,283.5522042086541,-12.742832617777566,381.27128366085066,-0.6531288419337358,390.9553752595587,298.1677419354839,311.40645161290325,-58.63139181464379,244.79024645196412,5.0,5.0,3.0
-38.06200303865067,329.81572902401365,-7.455411460475659,346.2053124224859,-4.258720906119933,419.9862879057124,351.85185185185185,309.80864197530866,-64.53563599445107,212.19448314001448,6.0,5.0,3.0
-26.85671192076026,376.75228544118227,-1.60255195560066,311.07799342752844,-8.255312150707041,449.16831488525156,406.19161676646706,307.2874251497006,-70.36117320024272,178.87268304116807,7.0,5.0,3.0
-171.86632730485934,30.421529694563787,-87.4210686412795,576.8614869279655,-13.79564554067197,234.88620894814517,2.263157894736842,317.6842105263158,-61.762317320662305,419.1575048981765,0.0,6.0,3.0
-156.55187774081742,80.12074289727252,-80.34967970849405,538.5510803504866,-17.64300820752014,266.0049588211042,61.310880829015545,317.56476683937825,-69.4486290253044,385.2382066565759,1.0,6.0,3.0
-138.034696002128,134.10814871309464,-70.45377617469138,497.7808509883106,-22.743455758909008,299.0156899852315,125.95945945945945,315.93243243243245,-78.17486851475371,348.3747775120663,2.0,6.0,3.0
-118.63683284166505,189.48993783127446,-59.592196112178925,456.3363529336715,-28.326523386616017,332.5852319877374,192.34285714285716,313.54285714285714,-87.14569449733466,310.4519252382782,3.0,6.0,3.0
-108.58250676850518,233.73320817531885,-55.76620873653394,422.0816225595565,-31.13372369761852,360.8809148793504,243.62745098039215,313.3921568627451,-92.81899975110821,279.5257802635996,4.0,6.0,3.0
-89.3417719995317,288.75288646949184,-45.17644063054982,380.75630440400334,-36.55799198130934,394.33045270703354,309.5988023952096,311.31736526946105,-101.76797186949733,241.923509878634,5.0,6.0,3.0
-73.5143060577979,339.8266732124524,-37.048733186204856,342.05868350212154,-41.04717161602558,425.875460661152,370.1658031088083,309.86528497409324,-109.48867097033309,206.73428883907832,6.0,6.0,3.0
-56.83754194885903,391.53214406536335,-28.61588366509025,302.70376893334867,-45.54443368232607,457.83163063357534,431.7607655502392,308.8133971291866,-117.58229743779617,171.35112391068293,7.0,6.0,3.0
-196.81927443515877,68.27881556087823,-94.44641821199727,564.6099537737068,-64.34454174715249,249.66741669804654,51.763905317346314,290.316764281478,-107.0584987929953,387.98537051299354,0.0,7.0,3.0
-217.5172202818262,62.122465856506324,-127.04204652558134,554.0602956363348,-48.39449106873751,257.9244458409039,40.57254901960784,319.921568627451,-104.9352854787183,396.09083103955606,1.0,7.0,3.0
-193.82648575056157,121.80398669944861,-113.66615437558382,509.30438211134685,-54.72834600435179,293.7705370947444,113.1531914893617,317.8,-115.5783590568605,355.9027775642794,2.0,7.0,3.0
-170.3067584187238,181.21214871463326,-100.48005927638835,464.6793696389806,-60.96681805210186,329.50765435750355,185.39461883408072,315.82959641255604,-126.1744401725037,315.9234604943157,3.0,7.0,3.0
-149.53308989586492,237.54439394417693,-89.1881240217045,422.169380091472,-66.51626448227681,363.73020357758713,253.37735849056602,314.20377358490566,-135.76338260679512,277.7709790663773,4.0,7.0,3.0
-126.36220005124467,295.3887893515481,-77.27272903422009,377.8014404421826,-71.91480471565718,399.06477488053196,324.01659751037346,314.1369294605809,-146.45700723155602,239.38548388649184,5.0,7.0,3.0
-106.9453828433386,351.7511760395262,-65.55561702489155,336.3518334066623,-78.11798583340119,432.81664103878416,391.2972972972973,310.2239382239382,-155.25037263891085,200.33630271703223,6.0,7.0,3.0
-87.1351888481294,406.74965581105835,-55.15179876223954,294.581396963156,-83.26240397679106,466.46218919462916,457.55555555555554,309.1226053639847,-164.53488502463205,163.12029352336344,7.0,7.0,3.0
169.30555555555554,65.88888888888889,178.14814814814815,510.9753086419753,167.0,296.0,83.95774647887323,348.7464788732394,151.58823529411765,386.11764705882354,0.0,0.0,4.0
168.09756097560975,113.8780487804878,172.74242424242425,471.06060606060606,170.58169456602667,313.8887130923931,121.75438596491227,347.64912280701753,153.22222222222223,365.0,1.0,0.0,4.0
166.46875,155.625,168.91935483870967,436.2903225806452,171.0,332.0,158.97826086956522,346.4782608695652,150.0,345.0,2.0,0.0,4.0
168.2,195.2,165.42857142857142,405.34285714285716,173.44444444444446,351.8888888888889,195.83333333333334,343.9166666666667,151.75,320.25,3.0,0.0,4.0
163.46666666666667,226.73333333333332,162.22727272727272,379.20454545454544,175.0,374.0,229.16666666666666,343.8333333333333,155.63636363636363,296.1818181818182,4.0,0.0,4.0
165.0,257.6875,159.84615384615384,354.84615384615387,177.24324324324326,399.0,264.7959183673469,344.38775510204084,159.23809523809524,265.5238095238095,5.0,0.0,4.0
165.0,286.5625,156.56,333.68,179.03030303030303,425.1818181818182,299.7125,344.0375,159.0,235.71014492753622,6.0,0.0,4.0
164.25,312.5,151.28571428571428,314.42857142857144,182.0,456.0,337.3658536585366,342.8536585365854,161.16,199.37333333333333,7.0,0.0,4.0
116.42857142857143,61.2,132.9795918367347,520.0816326530612,138.6,293.6,74.72448979591837,348.3979591836735,114.86451212144718,387.4918692698462,0.0,1.0,4.0
119.53964196468847,111.45749591351415,127.55555555555556,479.22222222222223,147.52906262006712,309.8104566731073,115.48809523809524,349.5833333333333,118.0,367.0,1.0,1.0,4.0
121.33333333333333,151.66666666666666,126.0,443.5,141.2,331.9,155.73214285714286,348.2857142857143,113.92092548849558,341.36139508630754,2.0,1.0,4.0
123.33333333333333,193.16666666666666,125.0,411.0,141.0,352.0,195.6086956521739,346.5652173913044,112.75786526669785,317.7594404037831,3.0,1.0,4.0
123.8,223.2,128.1891891891892,383.0810810810811,141.4,374.4,229.75,347.77272727272725,116.41176470588235,297.52941176470586,4.0,1.0,4.0
125.36291658706945,256.8777180677621,125.5,358.4166666666667,144.75675675675674,401.0,270.0327868852459,346.88524590163934,117.0,266.0,5.0,1.0,4.0
128.0,285.3333333333333,126.14285714285714,335.2857142857143,142.6,428.4,307.69879518072287,346.8433734939759,115.0,234.28985507246378,6.0,1.0,4.0
129.5954610117796,312.300572612565,121.90291074597548,317.855539062873,146.0,459.0,345.14285714285717,344.8095238095238,114.08108108108108,197.98648648648648,7.0,1.0,4.0
60.875,54.416666666666664,85.19117647058823,527.9117647058823,110.11917485771541,287.527277256946,65.08791208791209,355.2307692307692,74.26027864043868,398.2745052346906,0.0,2.0,4.0
67.27272727272727,104.9090909090909,88.0060453067018,479.25776317338494,111.49844671030225,303.0678046147693,109.56179775280899,354.2134831460674,78.20364889914663,379.7315481964255,1.0,2.0,4.0
71.06666666666666,148.53333333333333,87.45454545454545,446.0,110.51936941938696,325.8497223675361,152.93421052631578,353.30263157894734,75.1990801625816,353.92970520717404,2.0,2.0,4.0
78.75,190.75,90.41391608156627,418.0021462791122,111.67073664408731,350.2767041240466,195.75,350.25,74.31302881530792,324.8755259043287,3.0,2.0,4.0
75.52841969836213,224.06036843262484,88.81818181818181,386.8181818181818,107.46920099326555,372.6607570523652,233.22222222222223,349.3611111111111,73.25420989823664,301.04998140636417,4.0,2.0,4.0
86.0,255.5,91.74801835933641,366.7606859957127,109.0,404.0,275.71875,350.046875,70.07459660165961,266.5912848572575,5.0,2.0,4.0
88.55555555555556,285.77777777777777,90.1,337.7,105.88976761310299,430.9196136380004,316.94565217391306,348.9891304347826,65.63636363636364,233.13636363636363,6.0,2.0,4.0
89.29411764705883,312.88235294117646,90.0,316.0,105.08695652173913,463.7826086956522,358.5632183908046,348.0919540229885,60.19512195121951,195.17073170731706,7.0,2.0,4.0
9.7,48.85,38.267605633802816,536.9718309859155,83.84375632539432,278.017128804069,52.52845528455285,358.5609756097561,35.522102043400565,407.29985242760824,0.0,3.0,4.0
18.0,100.0,38.75,494.75,93.53737509231588,305.4527713432245,100.4375,357.3645833333333,44.0,373.0,1.0,3.0,4.0
24.08695652173913,145.06521739130434,45.91489361702128,455.5744680851064,85.67705456741895,328.5511017282832,147.67857142857142,355.98809523809524,40.0,350.29411764705884,2.0,3.0,4.0
31.285714285714285,188.14285714285714,48.875,420.75,81.57688244001353,350.54997661648287,194.94285714285715,353.54285714285714,34.81818181818182,324.45454545454544,3.0,3.0,4.0
38.054054054054056,222.64864864864865,52.529411764705884,391.5882352941176,76.0,378.3333333333333,235.625,352.890625,31.0,298.0,4.0,3.0,4.0
41.15384615384615,254.3846153846154,54.61904761904762,363.9047619047619,71.78981978218788,403.5734254780103,282.61,353.58,25.345604123851672,269.43662983283707,5.0,3.0,4.0
48.0,284.29411764705884,57.0,340.25,70.0,434.0,326.6542056074766,352.57943925233644,21.55263734167687,234.686033634967,6.0,3.0,4.0
52.84615384615385,313.61538461538464,61.75,319.75,65.13157894736842,467.0,371.88235294117646,350.9313725490196,8.5,194.1,7.0,3.0,4.0
-47.4592048986908,41.846318490168585,-1.8000068915872873,530.6754030841876,52.844446834087236,265.76440384296734,38.39855072463768,364.0144927536232,6.633683296787694,427.6479761096248,0.0,4.0,4.0
-32.309517751342625,72.63867037433221,-0.026051540674757234,512.1775540530243,57.15623499968355,308.2111385360385,91.1,363.04,2.0,375.0,1.0,4.0,4.0
-32.27221565116004,134.03854479695508,1.0,461.0,44.47843735752362,320.6197688397894,142.19148936170214,361.43617021276594,-8.845708608403129,364.6753779245313,2.0,4.0,4.0
-23.331193064543655,181.5252647169575,5.04,424.76,40.33924738163019,348.05718696814796,195.1206896551724,358.87931034482756,-14.654892200131826,332.980558783632,3.0,4.0,4.0
-19.235691017394387,216.9514841687743,9.68421052631579,395.2105263157895,39.0,380.0,239.66071428571428,358.17857142857144,-12.534678770201992,300.34807810386667,4.0,4.0,4.0
-3.0588825570286957,257.78598798123085,16.352941176470587,366.94117647058823,34.705882352941174,407.0,290.91509433962267,358.39622641509436,-23.114800822049233,270.55158444005065,5.0,4.0,4.0
1.5,284.1,20.818181818181817,342.45454545454544,25.125,437.875,339.45522388059703,357.05970149253733,-32.780411516145534,237.26018520511678,6.0,4.0,4.0
13.925904773726657,328.7447347698503,24.625,320.25,22.09090909090909,470.95454545454544,389.26271186440675,354.54237288135596,-41.525800684660396,199.55711438659586,7.0,4.0,4.0
-104.69329515524826,24.469018141486686,-49.04349133260878,543.2755980851126,23.439218832652713,259.1043353906671,20.227544910179642,371.54491017964074,-30.90545926908237,440.149357484883,0.0,5.0,4.0
-90.50764840062216,73.57280125148395,-42.163276446176965,505.841215901033,19.4460009933225,289.720347423899,78.12987012987013,370.5064935064935,-38.049183347082305,406.2044084519323,1.0,5.0,4.0
-80.33734823765612,111.04789706476384,-31.780597100773463,477.9098920721776,13.0,333.0,136.01639344262296,368.09016393442624,-41.29605545044336,361.3504911827563,2.0,5.0,4.0
-63.94968599887868,172.17273290974367,-27.525450921688503,432.39305668392524,10.360063708265741,350.3864141493055,193.3148148148148,364.81481481481484,-51.20572335342462,336.7074072528975,3.0,5.0,4.0
-54.582635400374485,215.82338699456682,-24.017908676027844,398.6694208964565,7.611641269414932,378.3347834495425,243.69387755102042,364.46938775510205,-56.59290014380292,306.0327500107778,4.0,5.0,4.0
-40.870590380534665,264.4580468292048,-17.410482488378705,361.60041523557027,3.6978943755292875,408.7005780224514,300.9172413793103,363.39310344827584,-63.551130781920506,272.3316267691876,5.0,5.0,4.0
-30.31817829149196,310.1271866546791,-12.478744343517292,326.97064275837397,0.20899406946541887,437.4264699785815,353.75949367088606,361.80379746835445,-69.24027266120964,240.06652806425888,6.0,5.0,4.0
-18.520272118617044,357.51625342126044,-6.402656460568835,291.3847998746496,-3.800767086388433,466.8974968148976,408.82716049382714,359.5432098765432,-75.323770834669,206.59577091040393,7.0,5.0,4.0
-161.12269276522522,7.691405158438499,-95.99682405226618,555.2530324450925,-5.974423719811028,252.83404586590083,3.031578947368421,379.4526315789474,-68.7977161452988,452.465611618534,0.0,6.0,4.0
-145.57272434292287,57.71078300393856,-88.71349266512199,516.7617859514422,-9.917028803231105,284.09279039249435,62.495535714285715,379.2142857142857,-76.55957350458345,418.3242106031046,1.0,6.0,4.0
-127.55192351976295,111.9317533056535,-78.46662625713773,476.3816806597239,-15.399374348891484,316.97119773881315,127.0886075949367,376.39240506329116,-84.95198788637339,380.874397232414,2.0,6.0,4.0
-109.39306093391251,166.47280473392084,-67.97925313946266,435.89687616216673,-21.02247520225835,349.95538968454247,192.04545454545453,373.2909090909091,-93.36323707406785,343.14068501173904,3.0,6.0,4.0
-95.61454404540437,215.2967711619225,-61.225121975622244,398.77780969267076,-25.026568062825802,380.37842166625177,249.4758064516129,372.0241935483871,-100.3237699923306,309.2620125169235,4.0,6.0,4.0
-77.50328095512221,268.4360032233328,-51.954754932114696,358.3163278919909,-29.772768362207202,413.094776806564,313.1388888888889,371.06666666666666,-108.97677449908605,273.12542935470094,5.0,6.0,4.0
-63.17423863309874,318.5899002293165,-44.194529979206436,320.78030034252436,-34.37250576158283,443.9492300255344,372.0682926829268,368.6,-116.00210912248144,238.05248088708728,6.0,6.0,4.0
-47.134720997399356,371.02894482209354,-34.93024656281935,281.9305114521167,-39.63824434608263,475.81322668786623,433.984375,365.3333333333333,-123.58380363674138,201.41301496383966,7.0,6.0,4.0
-194.8668802018097,50.410684079173734,-95.83715497771753,549.8428931979147,-64.00253246706465,265.36408799247874,52.256126591818145,329.72767070744436,-107.95994621046094,410.1878495743867,0.0,7.0,4.0
-201.991949798071,38.51228513696606,-137.79568934356632,528.7073270317721,-37.77310976477594,277.39236938672184,43.11494252873563,390.97701149425285,-114.92310045690198,433.4573066966859,1.0,7.0,4.0
-178.09097034627462,98.80454938311101,-123.94525932044169,483.79319391134914,-44.40040726674415,313.4216444202535,116.36111111111111,388.234126984127,-125.57115262537121,392.6937694106681,2.0,7.0,4.0
-154.8570188682071,157.97804754204623,-110.8812571201471,439.38913199589837,-50.62197673012007,349.0164506255498,188.23664122137404,386.1641221374046,-136.04599977394008,352.8053808780984,3.0,7.0,4.0
-134.0888914620959,214.76041827901486,-99.19242058408526,396.8879240001693,-56.46273372798377,383.3176954314807,256.6236162361624,383.8154981549815,-145.54519252187941,314.12683405419034,4.0,7.0,4.0
-111.7281761751836,273.92319271627366,-85.88123640638253,353.16600028444054,-63.08570989653661,418.6041852256513,328.02008032128515,380.3212851405622,-155.51381596845658,273.69631995130464,5.0,7.0,4.0
-92.04003242490107,329.89900739548136,-74.58331740913474,311.50058679283006,-68.9140759197017,452.3819983917611,395.0968992248062,377.468992248062,-164.53942049483942,235.2682204819873,6.0,7.0,4.0
-72.50108144855476,385.6092601397361,-63.47475883248731,269.94910824423334,-74.64186071997617,486.05988847657625,461.8532818532818,374.7915057915058,-173.52923135252507,197.05365998080714,7.0,7.0,4.0
165.19444444444446,56.666666666666664,178.83132530120483,497.7590361445783,164.79606508426644,314.49407040032276,83.80645161290323,384.7741935483871,152.07692307692307,409.9230769230769,0.0,0.0,5.0
164.17391304347825,101.6304347826087,174.16438356164383,456.3835616438356,167.0,328.0,122.20595593350882,381.36824375490033,155.1,389.8,1.0,0.0,5.0
163.16216216216216,141.1891891891892,170.078125,420.6875,168.09985570754054,346.2571866220538,158.24489795918367,381.85714285714283,155.76923076923077,368.53846153846155,2.0,0.0,5.0
162.47368421052633,178.3684210526316,166.0408163265306,389.42857142857144,169.0,366.0,197.0,381.0,154.6551724137931,345.9310344827586,3.0,0.0,5.0
161.875,210.625,162.42857142857142,361.8333333333333,171.6,387.7,229.15384615384616,379.46153846153845,154.6,319.6,4.0,0.0,5.0
162.0,241.88235294117646,159.33333333333334,336.8787878787879,173.0,412.55555555555554,266.1777777777778,380.0,158.45238095238096,290.85714285714283,5.0,0.0,5.0
160.96428571428572,267.2142857142857,155.44827586206895,315.86206896551727,175.4,437.6,301.0,380.056338028169,161.15,258.71666666666664,6.0,0.0,5.0
162.1,293.0,152.625,296.5625,177.44444444444446,467.44444444444446,337.7826086956522,378.04347826086956,163.0952380952381,222.23809523809524,7.0,0.0,5.0
116.4,51.0,131.2674418604651,507.0,143.36062611543622,310.2459475326495,75.7719298245614,388.57894736842104,116.6086956521739,412.0869565217391,0.0,1.0,5.0
115.5575488447832,87.61726671219924,128.71830985915494,464.5774647887324,139.0,328.0,115.63561184947167,389.5436200594529,115.0,392.0,1.0,1.0,5.0
120.00637566171248,136.73527582196567,125.8125,426.8125,144.4799357864075,342.75560629700226,155.01818181818183,386.56363636363636,117.0,370.0,2.0,1.0,5.0
124.6790217949892,172.91325099426388,125.74358974358974,394.46153846153845,139.2941176470588,367.0,198.4287701648862,390.6957926431129,109.18931930957217,347.43620245370744,3.0,1.0,5.0
119.41334928447539,207.1026013778103,125.9245283018868,365.6981132075472,141.43478260869566,388.7391304347826,229.84615384615384,385.7307692307692,118.82239047034443,322.1765633111991,4.0,1.0,5.0
122.0,240.0,124.47619047619048,339.45238095238096,140.67741935483872,415.19354838709677,271.2156862745098,385.37254901960785,111.29411764705883,292.6764705882353,5.0,1.0,5.0
128.54189813797524,265.0393686895202,120.6,317.4,141.58823529411765,440.11764705882354,308.7704918032787,385.7049180327869,112.19718309859155,258.14084507042253,6.0,1.0,5.0
131.90482185872634,290.0900347341603,120.0,297.5,142.82051282051282,471.1794871794872,347.17857142857144,384.57142857142856,112.65882352941176,221.23529411764707,7.0,1.0,5.0
67.75,45.875,81.59701492537313,517.7910447761194,118.22420638196549,301.23546784309434,63.80769230769231,395.2980769230769,73.41519914027455,421.35719286648225,0.0,2.0,5.0
73.84615384615384,93.15384615384616,81.78333333333333,473.7,119.94934219067567,317.5719046023751,107.06944444444444,394.52777777777777,74.73744279316105,400.5208363996886,1.0,2.0,5.0
78.0,136.0,86.78264872522544,432.3702084309102,117.60612615018898,338.7861981674748,151.0506329113924,393.0126582278481,77.70409303718122,378.191258280459,2.0,2.0,5.0
79.92307692307692,173.3846153846154,86.93245563514103,402.056004730252,112.84826929927517,365.40183722362445,195.36363636363637,392.24242424242425,72.73135842249576,349.4605796144492,3.0,2.0,5.0
77.96647819326238,207.12867685259926,86.22857142857143,369.42857142857144,108.76626159528568,387.6643912894297,233.88333333333333,391.2,72.04137592099167,325.37087282024186,4.0,2.0,5.0
82.26500437421036,232.9612541643163,86.69565217391305,342.1304347826087,100.07149680120126,414.54106964841986,276.81176470588235,391.1411764705882,62.0,294.0,5.0,2.0,5.0
89.13636363636364,266.09090909090907,82.81489456028504,323.58973246417554,107.22222222222223,442.6666666666667,317.4886363636364,390.6818181818182,59.83582089552239,259.0,6.0,2.0,5.0
91.36363636363636,292.09090909090907,79.75120936193201,301.9652257227049,106.0,476.0,359.2,391.25,55.88059701492537,220.3582089552239,7.0,2.0,5.0
13.333333333333334,39.333333333333336,27.75,526.1,98.67867852574115,303.81875487884923,50.67391304347826,405.2826086956522,38.0,419.0,0.0,3.0,5.0
11.924061481742456,75.0179357122878,31.22222222222222,480.6666666666667,79.54629009630658,316.229833652849,99.87368421052632,402.0421052631579,26.375242012067673,406.73974373794294,1.0,3.0,5.0
25.41176470588235,130.7058823529412,37.714285714285715,439.82142857142856,84.71240201062487,336.64663206634015,146.95833333333334,401.2083333333333,29.78971028194036,384.3890798830707,2.0,3.0,5.0
31.1,170.2,42.31578947368421,402.6842105263158,80.0,369.0,193.3235294117647,401.44117647058823,31.24152839734691,351.4807530899525,3.0,3.0,5.0
32.64726871511803,203.10017437587055,42.72222222222222,373.6666666666667,75.65780234184275,389.28264815981896,236.484375,400.46875,24.14923151338644,328.69304786319356,4.0,3.0,5.0
40.793428073882794,242.920321243565,46.25,344.75,73.02211070688107,417.78578893031107,284.05357142857144,398.8392857142857,19.475977369702946,296.66070141900946,5.0,3.0,5.0
49.38461538461539,266.0,45.94568048702007,328.48592880603456,66.93606789864315,449.91592862656313,328.9,398.55555555555554,6.0,258.0,6.0,3.0,5.0
55.34615384615385,293.4230769230769,42.66664293629236,304.11997322123716,68.18181818181819,479.54545454545456,373.5357142857143,396.67857142857144,1.0,218.0,7.0,3.0,5.0
-38.052073988463675,-3.5270084200069505,-14.025932067955523,541.495882523598,65.57277976587132,303.1849236278933,37.528985507246375,412.5072463768116,0.875,421.875,0.0,4.0,5.0
-32.22760288891284,66.81051585983823,-1.883605302866556,479.1952532909113,53.04231907025259,310.67309165589035,90.58169934640523,410.9738562091503,-2.171636883054873,422.4885637864869,1.0,4.0,5.0
-22.319506232793017,111.13984148410486,2.0609198765193355,445.0556206286433,50.11155096854655,338.932883321161,141.8655462184874,410.4453781512605,-7.743284520625707,391.3696507261177,2.0,4.0,5.0
-11.98957316544373,154.30007374719912,7.519408882991144,413.06355072504044,48.0,370.0,193.63636363636363,408.6666666666667,-11.323207581472786,356.74336913913044,3.0,4.0,5.0
-10.452909208845156,199.7550208983248,2.5652173913043477,377.2608695652174,42.82599863023803,391.5890361747723,240.25301204819277,408.65060240963857,-21.626344718330927,331.328343578811,4.0,4.0,5.0
3.4545454545454546,236.1818181818182,9.1,348.3666666666667,40.0,421.70588235294116,291.7,407.15714285714284,-27.867479830387197,296.03945595979746,5.0,4.0,5.0
10.25,264.4166666666667,13.53125,323.84375,36.0,448.0,339.4551724137931,405.848275862069,-35.71503391774303,266.2532485229292,6.0,4.0,5.0
22.37936435871707,313.54532784864864,17.90909090909091,301.1818181818182,28.634146341463413,482.7317073170732,389.39716312056737,403.5177304964539,-46.640780162310705,229.05570911750715,7.0,4.0,5.0
-98.44714535391826,3.076035589707317,-55.12347151974015,525.1941765416783,28.29995294670617,275.7136735001638,19.788235294117648,423.7705882352941,-35.065975688337346,469.0489274672567,0.0,5.0,5.0
-84.5982617847357,51.6999973757172,-48.56564947667499,488.01815547966845,24.457047420696043,306.1255645144773,77.0754716981132,422.937106918239,-42.10591242064868,435.44712688052425,1.0,5.0,5.0
-70.50793435405545,100.29024960823597,-42.10837697690292,450.6531650865145,20.748651954816765,336.6161326783694,134.46198830409358,422.55555555555554,-49.292866250655436,402.0377954989758,2.0,5.0,5.0
-60.02997516664699,144.66898244176048,-34.42663392058515,416.25386626992815,13.0,371.0,192.25,420.4516129032258,-56.71737744947569,365.2639750066274,3.0,5.0,5.0
-45.98569693143138,194.60722626835081,-30.633389685692833,378.7531180047026,13.458078985807745,395.8006280902908,244.67808219178082,420.2945205479452,-62.08775217050055,336.2199875617509,4.0,5.0,5.0
-33.214402732863206,242.95357788675187,-24.002700404279437,342.4162528511269,9.289407074954468,425.78468801325647,301.13496932515335,418.1226993865031,-68.55381888725566,302.2561067274413,5.0,5.0,5.0
-22.515450887601105,289.0076864790367,-18.775966386441212,307.67579928886755,5.622095108964402,454.6309638667293,354.40425531914894,416.1648936170213,-74.25425748151724,269.63716594113214,6.0,5.0,5.0
-10.54873442492358,335.89686959819096,-13.18845073434099,271.95312330573597,2.0118975831985892,484.0716677579447,409.11042944785277,414.97546012269936,-80.5321041608724,236.85392687441583,7.0,5.0,5.0
-151.1292241909644,-15.231678128011595,-104.52158924844673,534.2287609712647,1.6198226896703858,270.48410109127065,3.2222222222222223,440.2888888888889,-75.43355653793668,485.52130705955904,0.0,6.0,5.0
-136.7095045035009,34.27940664650333,-97.35248855543726,496.61553045497067,-2.52520509974363,301.2552110062612,61.61883408071749,438.99103139013454,-82.63523492153735,451.2521804496704,1.0,6.0,5.0
-118.15029115933815,88.09871340863918,-87.61655037031758,455.8107997935756,-7.49817839909808,334.25057505594265,126.13793103448276,437.69458128078816,-91.41825223291158,414.61058929169235,2.0,6.0,5.0
-98.96056927465871,142.45422430186386,-77.59502391631557,414.51876757024,-12.520287276861666,367.56322848413987,191.48101265822785,436.5886075949367,-100.46519934346173,377.74694716350746,3.0,6.0,5.0
-84.4695036048934,191.76868672708088,-70.61954998496216,376.8478508056998,-16.505839327653618,398.3241469789911,249.73809523809524,435.7202380952381,-107.74620141009581,343.75138792549876,4.0,6.0,5.0
-67.04890760693023,245.21956628004114,-60.87256164014454,336.9290578422161,-21.774860963334632,430.853997011478,313.31188118811883,433.1287128712871,-115.93728322236217,306.8143875120992,5.0,6.0,5.0
-52.6591631886336,295.57670425638867,-52.95169994540859,299.3476151376801,-26.47657980703768,461.7661595186028,372.4577777777778,430.44,-122.95888320712237,271.5440492421743,6.0,6.0,5.0
-36.681130172536754,347.6498593407367,-43.99065145029053,260.54224395174367,-31.536376687965017,493.54303390168167,434.0098039215686,427.6519607843137,-130.5751216265191,235.29029327008507,7.0,6.0,5.0
-192.91448596846084,32.54255259746901,-97.22789174343832,535.075832622122,-63.66052318697646,281.06075928691087,52.74834786629009,369.1385771334106,-108.86139362792647,432.3903286357794,0.0,7.0,5.0
-187.2681894396021,13.157953840941275,-149.84541752995898,503.96331227093776,-26.40774357109065,296.26660051198706,43.648648648648646,463.4749034749035,-124.77964544923407,472.33952701462454,1.0,7.0,5.0
-165.22753256970287,73.39345017846529,-135.4981851726289,460.50205536487226,-33.868430330004784,331.6329680804145,115.84353741496598,457.7517006802721,-134.35577076583883,430.46043781624917,2.0,7.0,5.0
-140.26361122726155,133.53173694993234,-122.09531245246197,414.755941149797,-39.899980709219435,368.00761603156303,189.52173913043478,457.0072463768116,-145.6521280496641,390.550704376309,3.0,7.0,5.0
-119.2697026644871,189.83522031824714,-110.8933512712845,372.07359738836965,-45.32800456400892,402.3022889236757,257.59683794466406,455.7905138339921,-155.37479440311796,352.5714823074673,4.0,7.0,5.0
-97.77379129451576,249.32877458043765,-97.03757513635816,329.03060183267587,-52.56749232098778,437.3446011987903,328.82771535580525,450.3445692883895,-164.77645757300257,311.2077496391124,5.0,7.0,5.0
-77.7057409757541,305.201736124171,-85.94161042023819,287.0673565742245,-58.15225936259361,471.2372873340575,396.0156862745098,448.2823529411765,-174.04296522706233,273.1403223534723,6.0,7.0,5.0
-56.75746265129716,361.54294306639144,-74.69311431047885,244.42103606475416,-63.625814499656016,505.5227079581734,464.1003861003861,446.9305019305019,-183.73182023454865,235.0883285117814,7.0,7.0,5.0
166.4,48.285714285714285,185.96296296296296,481.76851851851853,163.79664291107576,330.33487103954707,87.0625,419.9375,157.78571428571428,436.7142857142857,0.0,0.0,6.0
164.25,89.0625,180.02325581395348,438.66279069767444,164.82732547131297,344.60493724145323,120.96825396825396,420.6984126984127,159.4,417.6,1.0,0.0,6.0
164.11111111111111,128.44444444444446,175.01612903225808,401.741935483871,167.0,359.0,158.51020408163265,419.0816326530612,159.7058823529412,397.88235294117646,2.0,0.0,6.0
163.41176470588235,163.41176470588235,170.10526315789474,369.82456140350877,170.0,380.0,194.77891515449068,420.5587387001659,160.27272727272728,373.8181818181818,3.0,0.0,6.0
160.33333333333334,195.0,166.06521739130434,342.7173913043478,169.71428571428572,400.7142857142857,231.66666666666666,417.8,160.3846153846154,347.88461538461536,4.0,0.0,6.0
160.66666666666666,224.5,161.84615384615384,316.84615384615387,172.6,425.6,266.18518518518516,416.6111111111111,160.875,319.0,5.0,0.0,6.0
162.75,251.79166666666666,157.73333333333332,296.0,173.08695652173913,449.7826086956522,295.23943095619796,415.6373397009975,166.98461538461538,286.2153846153846,6.0,0.0,6.0
160.4375,275.625,154.68421052631578,276.36842105263156,175.58823529411765,478.11764705882354,335.85185185185185,415.037037037037,169.77027027027026,248.35135135135135,7.0,0.0,6.0
122.25,43.5,133.85585585585585,491.8918918918919,140.0,325.0,74.70454545454545,430.6136363636364,118.58333333333333,440.25,0.0,1.0,6.0
124.91484812005099,80.22914696616914,131.62637362637363,446.0,144.4439541225961,335.56978257521735,115.3974358974359,428.21794871794873,117.3,422.8,1.0,1.0,6.0
118.58575503295553,123.17238027963089,130.4878048780488,406.3414634146341,140.0,360.0,155.5,427.3030303030303,117.0,399.9230769230769,2.0,1.0,6.0
120.54375401884904,166.76573745443216,128.26785714285714,373.5357142857143,141.0,381.0,196.43333333333334,425.6666666666667,116.26666666666667,374.8666666666667,3.0,1.0,6.0
120.6390608230977,191.1579333782745,126.59183673469387,345.55102040816325,139.0,403.0,231.796875,425.3125,118.43629597836181,347.7556937644915,4.0,1.0,6.0
127.5359905567038,231.1556138103963,125.475,317.925,142.11201061142253,424.2783869245596,271.4925373134328,424.2985074626866,116.12164300318267,321.2688640999713,5.0,1.0,6.0
129.14942374615765,259.3390242814012,124.34593789652934,300.2953788780637,142.42424242424244,452.8181818181818,308.20512820512823,421.8974358974359,114.95774647887323,287.6478873239437,6.0,1.0,6.0
134.01854476936893,276.47866705802335,120.76774049235593,273.2135916141007,144.09756097560975,482.390243902439,347.327868852459,422.672131147541,116.21505376344086,247.30107526881721,7.0,1.0,6.0
76.0,38.0,77.81333333333333,501.0,131.6816629016485,307.6243355221601,59.21893794054239,431.29372602684685,80.0,445.0,0.0,2.0,6.0
72.8502953403448,74.55778859405194,79.14772727272727,453.02272727272725,120.57942768943319,335.68021861133246,109.03061224489795,439.265306122449,76.14285714285714,426.2142857142857,1.0,2.0,6.0
75.3496541029099,113.93897833192341,80.87837837837837,413.2162162162162,116.1696678369021,356.3864008776824,152.07777777777778,437.5777777777778,75.0,402.0,2.0,2.0,6.0
82.0,159.0,82.72222222222223,377.35185185185185,114.92072643018021,379.9983204017016,197.69230769230768,438.0769230769231,72.0,377.0,3.0,2.0,6.0
81.51331251376989,191.91582900656965,83.86666666666666,348.0444444444444,111.01344597010178,401.6223989286145,235.0483870967742,435.19354838709677,71.70452931468523,352.52046882559364,4.0,2.0,6.0
86.37108597133117,229.26440710733596,85.41304347826087,320.3478260869565,109.04613645641872,427.8939039270791,278.0681818181818,433.65909090909093,68.52149758321667,322.9905089740921,5.0,2.0,6.0
93.3,250.0,80.19883188546461,299.05962226644647,108.57894736842105,455.63157894736844,320.0,437.0,58.0,288.7894736842105,6.0,2.0,6.0
96.83333333333333,276.1666666666667,78.06113004705489,283.85650601863387,106.6774193548387,486.80645161290323,359.75,432.0921052631579,52.6822429906542,247.13084112149534,7.0,2.0,6.0
26.5,31.9,19.20689655172414,510.8390804597701,112.122127530784,308.66452104598284,54.625,449.5208333333333,34.0,451.0,0.0,3.0,6.0
14.867432240803893,57.02258789996927,24.071428571428573,461.92857142857144,82.00941110983437,331.5438435534223,100.60833333333333,450.03333333333336,21.19178632273082,433.7293557729555,1.0,3.0,6.0
34.0,116.0,29.442857142857143,420.15714285714284,92.69223675536863,348.0862493817928,147.29268292682926,448.5365853658537,25.35426017907548,410.88953975401796,2.0,3.0,6.0
41.125,155.75,34.58064516129032,382.741935483871,88.85248726120163,371.0013800833371,195.0,442.2857142857143,24.710684319092195,379.59663591998066,3.0,3.0,6.0
49.0,189.0,38.80769230769231,353.11538461538464,83.78513800090225,397.36555158152527,236.16666666666666,446.1296296296296,18.428571428571427,355.0,4.0,3.0,6.0
42.389363213645694,214.0350337424078,41.59090909090909,322.72727272727275,66.57638055278356,431.38234778262694,284.6190476190476,444.5904761904762,10.461538461538462,322.53846153846155,5.0,3.0,6.0
54.75,248.58333333333334,42.12227350984864,315.41025979301713,76.0,459.0,329.05555555555554,439.8333333333333,2.0,288.0,6.0,3.0,6.0
59.205409342521236,299.51305889957825,48.90459305639371,269.45337121835195,72.54545454545455,490.1818181818182,374.7631578947368,444.1842105263158,11.543043131585932,261.86211101659086,7.0,3.0,6.0
-38.38707963470874,-2.4899599041110605,-14.316346614292343,497.1693480408358,61.961201643491435,297.50529417524456,34.27906976744186,465.27906976744185,0.005427626203129421,485.07477625316983,0.0,4.0,6.0
-25.989054217243762,46.166205124959276,-7.303913540019153,461.12717579389323,57.4192856809958,327.4138870070229,90.81560283687944,462.0,-6.183817148730725,450.51418057930687,1.0,4.0,6.0
-15.67237621743098,90.8547850603008,-3.163973824139191,426.6718791525416,54.44911830897921,355.881399229977,142.64406779661016,461.5762711864407,-11.924231088347085,419.2376944101096,2.0,4.0,6.0
-3.9698381498451027,137.51377742834472,2.2990305649978495,391.15332425219344,50.86305220494857,385.1881713903438,197.0,460.3157894736842,-18.092555212069044,386.5539072053068,3.0,4.0,6.0
2.0,187.0,6.583419258957775,360.7370358443428,48.0,408.0,239.49411764705883,458.6941176470588,-20.826493795554995,364.49421642688344,4.0,4.0,6.0
10.0,219.0,1.8,325.56666666666666,44.6875,435.0,292.09090909090907,456.54545454545456,-31.76872596345271,324.0903284591034,5.0,4.0,6.0
18.964757442815838,263.6403327594169,5.785714285714286,300.92857142857144,39.38461538461539,461.9230769230769,340.5984848484849,455.84090909090907,-42.64932065592194,296.78600742178594,6.0,4.0,6.0
22.0,274.0,10.454545454545455,277.95454545454544,34.111111111111114,493.27777777777777,388.3333333333333,455.20512820512823,-48.032872952292735,260.91423021406104,7.0,4.0,6.0
-89.11391500746642,-18.73243590126583,-62.47544212783332,504.69676280636145,34.870567272163,293.331751047415,20.63235294117647,481.75,-41.10325711995927,500.3913769246125,0.0,5.0,6.0
-74.8591071703489,30.888576698597376,-55.16135040399038,467.2134623956365,30.577924301164273,324.0646913266167,79.03977272727273,480.0056818181818,-48.18781454723626,465.88990398710257,1.0,5.0,6.0
-61.29973934466689,79.49794497096468,-48.53126981674275,430.26349060623187,26.60901509646071,354.3723845753266,136.1581920903955,478.71751412429376,-55.06203790510938,432.12117927877966,2.0,5.0,6.0
-48.730221825472526,127.85806933750189,-41.82919442129807,394.08440630021846,22.337167555982617,384.28811383244397,192.51908396946564,476.19083969465646,-61.40800892923511,398.0131655083567,3.0,5.0,6.0
-41.778734816826685,173.55841099365182,-38.387437517572266,357.14483345764245,13.4,410.4,245.56643356643357,474.72027972027973,-71.42618057203066,369.5379199232781,4.0,5.0,6.0
-24.942125201355495,221.8416459960515,-30.431252906581022,322.7546328816262,14.917193726159567,443.1552903576364,302.038961038961,473.24675324675326,-73.83966019870479,332.1161604402523,5.0,5.0,6.0
-18.88548468544262,271.350102383902,-28.406647324405185,282.30800717793045,4.0,464.0,355.01142857142855,471.02285714285716,-86.57597148632061,308.12851308577,6.0,5.0,6.0
-2.1103885189208427,315.3279593296563,-19.188953341880335,252.1671282455581,7.369024893729417,501.5978211800496,410.59493670886076,469.5126582278481,-85.81022786485238,266.1890587061501,7.0,5.0,6.0
-140.7753756135922,-37.966526764574155,-112.98695516716978,512.9247927640788,9.261828639064163,288.29432620296615,3.7768595041322315,501.42148760330576,-82.2429805237868,518.5873527651014,0.0,6.0,6.0
-123.01140430662186,13.15428334294296,-105.3869933025064,472.7146789749032,5.647908182326333,320.52722639505157,65.42727272727272,503.09090909090907,-91.08182335204668,484.57337812892695,1.0,6.0,6.0
-105.43580078813217,65.96484642002855,-96.24784089745071,432.66844769804584,0.8620731522666318,352.996751970772,128.50510204081633,501.7704081632653,-99.48621387042857,448.47815705450876,2.0,6.0,6.0
-88.14106071912012,119.59055107060288,-86.31034917000123,392.8497130521249,-4.5779293612334016,385.513762369303,192.1693989071038,498.69398907103823,-107.57043329437221,411.25827532363064,3.0,6.0,6.0
-72.99900762456961,170.73035189692905,-77.92326479831104,354.68824627754793,-9.429919348002784,416.83010365700335,252.4277108433735,496.00602409638554,-114.87948437264225,375.55712734376186,4.0,6.0,6.0
-56.380271019361814,223.2381002356533,-68.76885236607845,315.3866032409523,-14.468909756325175,448.90964103846596,314.717277486911,493.586387434555,-122.78511875124258,339.2057541538268,5.0,6.0,6.0
-42.19504120900187,273.5434783782491,-60.833346777266144,277.9644322707446,-19.233050407905807,479.7407720762706,373.70642201834863,490.64220183486236,-129.69762622937145,303.8656202847874,6.0,6.0,6.0
-26.31856016313361,326.15264453835414,-51.371764863372405,239.24370377808162,-24.68413689750963,511.57804076793775,435.6887755102041,486.83673469387753,-137.1517207141897,266.92512064147337,7.0,6.0,6.0
-190.96209173511204,14.67442111576446,-98.61862850915755,520.308772046331,-63.31851390688928,296.7574305813437,53.24056914076243,408.54948355937495,-109.76284104539161,454.59280769717066,0.0,7.0,6.0
-171.52092495590733,-11.097150232249987,-161.23062562739372,478.43052441136524,-15.268900914918547,315.6968780474213,45.72692307692308,535.9192307692308,-135.02064553529527,510.59567184815546,1.0,7.0,6.0
-149.4643829260334,46.6773853034976,-149.0491282358181,434.932514346821,-21.143649422868165,350.62793909014164,115.704,534.124,-145.07906980326953,471.58357656881856,2.0,7.0,6.0
-126.13016572283469,107.80916743714715,-134.29494222983172,390.4694867404322,-28.57442302219377,386.608751700078,189.40501792114696,529.1146953405018,-155.2358519318879,429.485511857195,3.0,7.0,6.0
-104.488170720931,165.57803731267666,-121.99660617179217,347.29529902888794,-34.6393606023888,421.3933442599254,259.15415019762844,526.6442687747035,-165.0540696638579,390.2167233588882,4.0,7.0,6.0
-82.63208121882509,224.54495179942978,-108.70913098352841,303.96569334599076,-41.37264798564263,456.46768610519575,330.1021897810219,522.6277372262774,-174.76661405612435,349.6931035520379,5.0,7.0,6.0
-62.80093349479027,280.63873482086547,-97.34964077656907,262.1897202055493,-47.20981925195949,490.3168095311319,397.3625954198473,519.824427480916,-183.85278078023225,311.21887470606885,6.0,7.0,6.0
-42.398773493120885,337.55721875011693,-85.43373898488835,219.97578253852964,-53.30899160601733,524.5140307750275,465.676,516.656,-193.112790637189,272.1498969014755,7.0,7.0,6.0
166.3125,42.21875,192.39622641509433,465.4339622641509,164.6,336.4,84.23255813953489,452.95348837209303,160.8095238095238,463.76190476190476,0.0,0.0,7.0
164.66666666666666,82.60606060606061,185.30337078651687,419.0674157303371,166.0,355.0,124.6012555000757,453.93865734102843,161.76470588235293,446.52941176470586,1.0,0.0,7.0
163.42857142857142,119.64285714285714,178.8846153846154,381.4102564102564,166.0,371.42857142857144,159.12962962962962,452.74074074074076,162.08510638297872,426.4255319148936,2.0,0.0,7.0
160.75,151.55,172.828125,348.75,167.4,391.6,193.74422713552477,457.15321929904417,164.54054054054055,403.3243243243243,3.0,0.0,7.0
162.25,183.125,168.0,321.0,167.0,412.0,229.43333333333334,453.06666666666666,164.80392156862746,378.8627450980392,4.0,0.0,7.0
159.0,209.0,164.12765957446808,295.9574468085106,170.0,435.0,266.46938775510205,452.1020408163265,169.47058823529412,350.0,5.0,0.0,7.0
161.22222222222223,236.66666666666666,160.35714285714286,273.73809523809524,170.3684210526316,459.63157894736844,301.72727272727275,451.09090909090907,170.0,317.0,6.0,0.0,7.0
158.0,261.0,156.88888888888889,253.0,172.0,488.29411764705884,329.55361035184654,447.145882547308,172.84615384615384,278.0,7.0,0.0,7.0
121.83333333333333,36.666666666666664,136.09230769230768,475.61538461538464,140.0,337.0,74.765625,464.234375,119.4,468.76666666666665,0.0,1.0,7.0
130.74322142255193,55.0871402356924,133.28571428571428,428.61538461538464,147.7384022485918,351.0983166422847,112.42098756725488,472.48356063698066,121.04,448.76,1.0,1.0,7.0
122.72294704285703,109.46223886011711,131.07954545454547,388.95454545454544,139.53012216665962,364.8409266420615,154.72826086956522,461.8152173913044,118.4186046511628,428.2325581395349,2.0,1.0,7.0
143.92239325931598,136.5101854610595,128.63235294117646,353.94117647058823,154.0451893958275,399.17423248750646,197.94952377383152,486.9443164368938,117.53333333333333,404.7111111111111,3.0,1.0,7.0
123.31167431684439,189.025876481556,126.796875,323.4375,138.56019604211292,407.7128346284981,233.14285714285714,460.85714285714283,116.89473684210526,380.5263157894737,4.0,1.0,7.0
124.418391251626,219.94016117908882,124.9,297.78,137.9780328701105,433.1335371737688,270.9056603773585,459.45283018867923,115.52631578947368,350.17543859649123,5.0,1.0,7.0
127.7553263949027,253.46919995879261,122.6046511627907,274.6046511627907,141.1818181818182,462.45454545454544,309.50943396226415,460.0943396226415,113.58441558441558,317.72727272727275,6.0,1.0,7.0
132.71096853936547,273.2165962893306,120.97435897435898,253.3846153846154,140.0,492.0,349.5,458.8333333333333,111.92,278.64,7.0,1.0,7.0
80.5,31.75,76.24806201550388,485.83720930232556,136.30760396465536,325.39119650848176,65.0,476.74468085106383,78.925,474.275,0.0,2.0,7.0
71.17251559692154,63.823735998571806,78.16666666666667,436.6929824561403,119.52537801936974,346.1853303376326,107.53,476.3,76.23255813953489,455.30232558139534,1.0,2.0,7.0
72.20284305825102,102.20727497748385,79.96039603960396,395.1980198019802,111.41923244789369,364.68285634228977,150.3,474.4125,72.54098360655738,433.8032786885246,2.0,2.0,7.0
96.39261372945971,129.9239965388332,80.92105263157895,359.0,122.43349041125224,400.4321465290038,197.97130780855431,498.46064556935846,68.89473684210526,408.5263157894737,3.0,2.0,7.0
77.02439785122705,174.665701734202,81.40845070422536,327.59154929577466,100.9222696643401,409.3319994272285,234.34117647058824,472.4470588235294,64.05194805194805,383.3636363636364,4.0,2.0,7.0
82.92805827231179,206.69574094089148,82.39285714285714,299.05357142857144,98.13326166312332,436.42274126255154,277.11764705882354,473.3529411764706,59.324675324675326,353.3636363636364,5.0,2.0,7.0
88.6374972234944,232.85214300363828,84.0,275.51724137931035,95.2615665097917,464.9359062148104,317.3775510204082,473.44897959183675,55.11904761904762,321.04761904761904,6.0,2.0,7.0
109.20587501552613,273.1314541733748,84.16,253.46,108.25925925925925,495.0,361.4,474.0,48.87640449438202,281.0674157303371,7.0,2.0,7.0
33.0,26.714285714285715,11.53211009174312,494.76146788990826,126.55995632491796,318.8527026657167,53.84158415841584,493.1188118811881,37.333333333333336,479.5,0.0,3.0,7.0
40.6,68.4,17.074468085106382,445.1170212765957,117.66948774493527,333.2562943208387,98.33613445378151,492.3781512605042,32.6,461.6,1.0,3.0,7.0
19.487269153851372,96.38827063157066,23.486486486486488,402.06756756756755,85.64109009368651,365.4999571886086,145.98979591836735,487.98979591836735,25.357142857142858,436.7857142857143,2.0,3.0,7.0
49.1,144.2,29.742424242424242,364.04545454545456,92.00295588143688,377.0836511201192,192.83333333333334,487.0,17.84,413.0,3.0,3.0,7.0
32.39961707651874,160.6570218214713,34.72727272727273,331.0,65.31010291229121,412.08988138622254,236.3134328358209,487.1194029850746,10.677966101694915,386.54237288135596,4.0,3.0,7.0
41.29482519139445,196.40894177857047,40.0,301.27272727272725,59.78338775872449,439.6315500947,283.1759259259259,486.6296296296296,4.424242424242424,356.93939393939394,5.0,3.0,7.0
51.72942797632602,247.88910449050297,40.421052631578945,275.8421052631579,75.84778809928316,472.0908827279421,328.08,487.208,13.772417845291955,321.97157554003775,6.0,3.0,7.0
62.478589561233164,280.85951622210894,44.0,253.0,76.0,498.57142857142856,369.5369634747005,488.4334293906561,9.38903121057723,293.6498106652074,7.0,3.0,7.0
-32.28324089124128,-19.29315985887547,-16.32403908573707,479.2445110520746,63.81141630327433,314.8869569647366,37.91549295774648,509.99295774647885,-3.1899930605799796,508.5557331695662,0.0,4.0,7.0
-22.863043758915424,25.009959536675524,-12.259158226064613,445.48580659895606,60.66933801731294,342.9708628800302,88.91338582677166,508.7007874015748,-8.482686201323759,477.15738755157736,1.0,4.0,7.0
2.0,105.0,-5.148433225577406,401.58228444290444,76.36120807996657,358.07281604680486,141.01666666666668,504.73333333333335,-4.011986993851622,454.8557146696829,2.0,4.0,7.0
9.0,142.0,-3.5789709735212227,367.58269157262464,70.05856742279461,389.277382458616,192.33333333333334,508.6666666666667,-13.059616055238678,424.3648885328141,3.0,4.0,7.0
4.000739256716528,157.9134191410759,0.3407542335116034,345.3009370270822,50.59380320983034,426.7314211367359,241.1509433962264,502.52830188679246,-23.54885848209068,382.08211356616886,4.0,4.0,7.0
15.65097508439321,210.21257526970396,0.9639225929833231,303.647118393794,48.0,445.0,292.12380952380954,503.6,-33.30260640026887,360.40651081976887,5.0,4.0,7.0
23.34618970954891,251.37120748056475,2.4901103416619037,270.1785279352313,45.0,472.0,340.1525423728813,505.53389830508473,-39.5914451993919,332.4390516182182,6.0,4.0,7.0
34.00987648440032,286.7852607212867,3.0,253.0,40.23529411764706,501.70588235294116,388.1029411764706,502.97058823529414,-54.0372762016878,295.6296874243628,7.0,4.0,7.0
-82.31814085274839,-39.0687004796315,-67.78898255302421,486.19638172481484,39.310479750476205,310.3232482936355,21.444444444444443,533.2074074074075,-45.38056843202446,528.4132685446801,0.0,5.0,7.0
-69.5904303471962,9.272851454997067,-61.149701073311206,449.8935202781483,35.124508723533054,340.2911560010428,77.8735632183908,530.971264367816,-51.822188974292374,494.4272804952885,1.0,5.0,7.0
-57.106381143875765,58.550961606417616,-53.616391293163645,413.7902910519259,30.2238850855192,370.3413535173616,135.01898734177215,526.8481012658228,-57.941953653563644,459.1993067143369,2.0,5.0,7.0
-62.34158021730873,121.24799792316958,-27.688142207642954,391.36378796113866,7.391705823279636,396.4872818747273,195.02617632683823,471.5960023949224,-50.79817442987326,397.56091780800125,3.0,5.0,7.0
-33.34407908359229,152.8245916610279,-41.956162717866675,342.48353951361156,22.605804664612933,429.25144237598664,244.78740157480314,523.4015748031496,-70.30283580459331,392.9491998606088,4.0,5.0,7.0
-19.44830515066603,201.35375939792561,-35.49536173340081,305.269946178372,18.845625778998297,459.66280364844243,302.01408450704224,522.7957746478874,-77.38828760877453,359.48722388917395,5.0,5.0,7.0
-8.986820254274434,257.2822067748725,-35.846835194655824,258.2696175201009,10.6,474.4,356.0124223602484,524.4658385093168,-93.04592811718447,342.4219380953316,6.0,5.0,7.0
0.06399110307286549,299.6901854180121,-31.73509165507636,222.4638388740011,3.0,505.6923076923077,410.6137931034483,526.7034482758621,-102.6884354167783,311.55710001793625,7.0,5.0,7.0
-130.52491388500403,-61.80370119318235,-122.38993697683595,491.69069535619496,17.56255017547595,305.8707943782985,3.278688524590164,564.1311475409836,-89.20411817451895,552.8674189176979,0.0,6.0,7.0
-114.65814219375308,-11.182758659130798,-114.67143989061114,452.9578862894982,13.382211730674001,337.3484668002028,63.457142857142856,563.4619047619047,-97.03474295540934,518.2288626233914,1.0,6.0,7.0
-97.65564694725593,42.9615544063555,-104.19266195447932,413.37260721420137,7.47292281829634,369.855844797594,127.43352601156069,559.0809248554913,-104.84916694419633,480.22133463001524,2.0,6.0,7.0
-81.57969753465407,95.90030287193412,-94.50027419082755,374.499297582292,1.9036976753087487,401.82214615885346,189.82125603864733,555.0821256038647,-112.35601286616969,443.0249044017297,3.0,6.0,7.0
-66.18546204571679,147.8569407653502,-85.4699961900943,336.14888474800046,-3.3543195739716367,433.3733075684605,250.95408163265307,551.515306122449,-119.6548372099598,406.53565411251657,4.0,6.0,7.0
-49.16808339338989,201.17007938604638,-75.72547891268871,296.54375604350554,-8.72351723598517,465.7370031656296,314.1865284974093,548.4766839378239,-127.63769503313466,369.502480637114,5.0,6.0,7.0
-32.1098073884272,251.3221910342064,-68.7688022181506,256.8754079510454,-12.046045195823638,497.5487517557821,374.58128078817737,550.5172413793103,-136.25197931651888,336.16488585994637,6.0,6.0,7.0
-16.07104134564119,300.84847263317124,-62.06211048449502,217.9973949500386,-15.44382885440534,528.8906643069306,433.8618784530387,551.8674033149172,-144.39313568129091,302.90634098240787,7.0,6.0,7.0
-189.0096975017642,-3.1937103659413992,-100.0093652748785,505.54171147053916,-62.97650462680089,312.4541018757747,53.73279041523227,447.9603899853411,-110.66428846285623,476.79528675856477,0.0,7.0,7.0
-158.58755422315147,-36.73218101773739,-173.00074434375,455.08253346275626,-4.560592200568394,333.8926220557283,45.04435483870968,605.9072580645161,-143.88901433370097,548.666713263895,1.0,7.0,7.0
-135.8800621577887,23.609169735566468,-158.75650536835235,411.1013368469264,-11.777394668453852,369.5119280658127,117.69343065693431,601.1167883211679,-153.83293713284752,507.0882322379862,2.0,7.0,7.0
-112.29727869160122,83.7816803392015,-144.91773443664084,366.43462019285727,-18.476653534260848,405.40810280504303,190.66023166023166,598.03861003861,-164.31879617319993,466.26163596473134,3.0,7.0,7.0
-91.1028062766688,140.28014999238513,-133.60348340815494,323.5975080647562,-23.935971176598756,439.80807991674686,259.01953125,596.84375,-174.1207240316249,428.18343024912156,4.0,7.0,7.0
-70.61175686247729,199.40926283048736,-119.77246082144745,281.335988868114,-31.411525959667614,474.4325234212391,329.3805970149254,590.3171641791045,-183.0075406136845,386.60460660792324,5.0,7.0,7.0
-49.53610824987739,254.83590631185962,-109.36450663817054,238.58110984714114,-36.23890871147884,508.5987911773296,396.7063829787234,590.6255319148936,-192.94633402032463,349.6952109286115,6.0,7.0,7.0
-30.538727042882513,310.16159629302683,-98.43450853958306,197.4489464891122,-41.973240155293,542.0177646175662,462.82377049180326,587.6639344262295,-201.69483479406347,311.58314561513396,7.0,7.0,7.0
